--- SQL Import Script Generated on 06/06/2026 18:04:14 ---
SET DEFINE OFF;
ALTER SESSION SET NLS_DATE_FORMAT = 'YYYY-MM-DD';

--- Employee ID: 18003
INSERT INTO HR.TB_NHANVIEN (MANV, HOTEN, IDGT, NGAYSINH, DIENTHOAI, CCCD, DIACHI, IDPB, IDBP, IDCV, IDTD, IDDT, IDTG, IDCTY, IDQT, DATHOIVIEC, CREATED_BY, CREATED_DATE) VALUES (18003, N'Ngô Văn Tình', 2, TO_DATE('1985-05-26', 'YYYY-MM-DD'), N'0976983893', N'024085020535', N'Mỹ Thượng, Lãng Sơn, Yên Dũng, Bắc Giang', 1, 4, 45, 30, 1, 1, 1, 191, 0, 1, SYSDATE);

--- Employee ID: 18004
INSERT INTO HR.TB_NHANVIEN (MANV, HOTEN, IDGT, NGAYSINH, DIENTHOAI, CCCD, DIACHI, IDPB, IDBP, IDCV, IDTD, IDDT, IDTG, IDCTY, IDQT, DATHOIVIEC, CREATED_BY, CREATED_DATE) VALUES (18004, N'Nguyễn Thị Vân Anh', 2, TO_DATE('1986-10-07', 'YYYY-MM-DD'), N'0986036939', N'027186003768', N'Yên Lã, Tân Hồng, Từ Sơn, Bắc Ninh', 1, 4, 36, 30, 1, 1, 1, 191, 0, 1, SYSDATE);
INSERT INTO HR.TB_HOPDONG (SOHD, NGAYBATDAU, NGAYKETTHUC, NGAYKY, NOIDUNG, LANKY, THOIHAN, HESOLUONG, MANV, IDCTY, CREATED_BY, CREATED_DATE) VALUES ('00010/2024/HDLD', TO_DATE('2018-10-24', 'YYYY-MM-DD'), NULL, TO_DATE('2018-10-24', 'YYYY-MM-DD'), N'Hop dong lao dong', 1, '3 Nam', 18020000, 18004, 1, 1, SYSDATE);
INSERT INTO HR.TB_NHANVIEN_PHUCAP (MANV, IDPC, MAKYCONG, GHICHU, SOTIEN, CREATED_BY, CREATED_DATE) VALUES (18004, 6, 202404, N'Import tu Excel', 3452000, 1, SYSDATE);
INSERT INTO HR.TB_NHANVIEN_PHUCAP (MANV, IDPC, MAKYCONG, GHICHU, SOTIEN, CREATED_BY, CREATED_DATE) VALUES (18004, 5, 202404, N'Import tu Excel', 800000, 1, SYSDATE);
INSERT INTO HR.TB_NHANVIEN_PHUCAP (MANV, IDPC, MAKYCONG, GHICHU, SOTIEN, CREATED_BY, CREATED_DATE) VALUES (18004, 3, 202404, N'Import tu Excel', 4172800, 1, SYSDATE);
INSERT INTO HR.TB_NHANVIEN_PHUCAP (MANV, IDPC, MAKYCONG, GHICHU, SOTIEN, CREATED_BY, CREATED_DATE) VALUES (18004, 2, 202404, N'Import tu Excel', 1081200, 1, SYSDATE);
INSERT INTO HR.TB_NHANVIEN_PHUCAP (MANV, IDPC, MAKYCONG, GHICHU, SOTIEN, CREATED_BY, CREATED_DATE) VALUES (18004, 1, 202404, N'Import tu Excel', 1802000, 1, SYSDATE);

--- Employee ID: 18013
INSERT INTO HR.TB_NHANVIEN (MANV, HOTEN, IDGT, NGAYSINH, DIENTHOAI, CCCD, DIACHI, IDPB, IDBP, IDCV, IDTD, IDDT, IDTG, IDCTY, IDQT, DATHOIVIEC, CREATED_BY, CREATED_DATE) VALUES (18013, N'Nguyễn Hồng Hải', 2, TO_DATE('1986-11-10', 'YYYY-MM-DD'), N'0972030113', N'024086003840', N'Ngõ Đá, Việt Ngọc, Tân Yên, Bắc Giang', 27, 26, 25, 22, 1, 1, 1, 191, 0, 1, SYSDATE);
INSERT INTO HR.TB_HOPDONG (SOHD, NGAYBATDAU, NGAYKETTHUC, NGAYKY, NOIDUNG, LANKY, THOIHAN, HESOLUONG, MANV, IDCTY, CREATED_BY, CREATED_DATE) VALUES ('00011/2024/HDLD', TO_DATE('2018-11-10', 'YYYY-MM-DD'), NULL, TO_DATE('2018-11-10', 'YYYY-MM-DD'), N'Hop dong lao dong', 1, '3 Nam', 18105000, 18013, 1, 1, SYSDATE);
INSERT INTO HR.TB_NHANVIEN_PHUCAP (MANV, IDPC, MAKYCONG, GHICHU, SOTIEN, CREATED_BY, CREATED_DATE) VALUES (18013, 6, 202404, N'Import tu Excel', 1810500, 1, SYSDATE);
INSERT INTO HR.TB_NHANVIEN_PHUCAP (MANV, IDPC, MAKYCONG, GHICHU, SOTIEN, CREATED_BY, CREATED_DATE) VALUES (18013, 5, 202404, N'Import tu Excel', 1000000, 1, SYSDATE);
INSERT INTO HR.TB_NHANVIEN_PHUCAP (MANV, IDPC, MAKYCONG, GHICHU, SOTIEN, CREATED_BY, CREATED_DATE) VALUES (18013, 3, 202404, N'Import tu Excel', 2534700, 1, SYSDATE);
INSERT INTO HR.TB_NHANVIEN_PHUCAP (MANV, IDPC, MAKYCONG, GHICHU, SOTIEN, CREATED_BY, CREATED_DATE) VALUES (18013, 2, 202404, N'Import tu Excel', 1086300, 1, SYSDATE);
INSERT INTO HR.TB_NHANVIEN_PHUCAP (MANV, IDPC, MAKYCONG, GHICHU, SOTIEN, CREATED_BY, CREATED_DATE) VALUES (18013, 1, 202404, N'Import tu Excel', 1810500, 1, SYSDATE);

--- Employee ID: 18017
INSERT INTO HR.TB_NHANVIEN (MANV, HOTEN, IDGT, NGAYSINH, DIENTHOAI, CCCD, DIACHI, IDPB, IDBP, IDCV, IDTD, IDDT, IDTG, IDCTY, IDQT, DATHOIVIEC, CREATED_BY, CREATED_DATE) VALUES (18017, N'Ngô Văn Minh', 2, TO_DATE('1986-01-12', 'YYYY-MM-DD'), N'0981645799', N'024086018491', N'Mai Hoàng, Phúc Sơn, Tân Yên, Bắc Giang', 1, 4, 36, 30, 1, 1, 1, 191, 0, 1, SYSDATE);
INSERT INTO HR.TB_HOPDONG (SOHD, NGAYBATDAU, NGAYKETTHUC, NGAYKY, NOIDUNG, LANKY, THOIHAN, HESOLUONG, MANV, IDCTY, CREATED_BY, CREATED_DATE) VALUES ('00012/2024/HDLD', TO_DATE('2018-11-26', 'YYYY-MM-DD'), NULL, TO_DATE('2018-11-26', 'YYYY-MM-DD'), N'Hop dong lao dong', 1, '3 Nam', 20900000, 18017, 1, 1, SYSDATE);
INSERT INTO HR.TB_NHANVIEN_PHUCAP (MANV, IDPC, MAKYCONG, GHICHU, SOTIEN, CREATED_BY, CREATED_DATE) VALUES (18017, 6, 202404, N'Import tu Excel', 2090000, 1, SYSDATE);
INSERT INTO HR.TB_NHANVIEN_PHUCAP (MANV, IDPC, MAKYCONG, GHICHU, SOTIEN, CREATED_BY, CREATED_DATE) VALUES (18017, 5, 202404, N'Import tu Excel', 1000000, 1, SYSDATE);
INSERT INTO HR.TB_NHANVIEN_PHUCAP (MANV, IDPC, MAKYCONG, GHICHU, SOTIEN, CREATED_BY, CREATED_DATE) VALUES (18017, 3, 202404, N'Import tu Excel', 2926000, 1, SYSDATE);
INSERT INTO HR.TB_NHANVIEN_PHUCAP (MANV, IDPC, MAKYCONG, GHICHU, SOTIEN, CREATED_BY, CREATED_DATE) VALUES (18017, 2, 202404, N'Import tu Excel', 1254000, 1, SYSDATE);
INSERT INTO HR.TB_NHANVIEN_PHUCAP (MANV, IDPC, MAKYCONG, GHICHU, SOTIEN, CREATED_BY, CREATED_DATE) VALUES (18017, 1, 202404, N'Import tu Excel', 2090000, 1, SYSDATE);

--- Employee ID: 18018
INSERT INTO HR.TB_NHANVIEN (MANV, HOTEN, IDGT, NGAYSINH, DIENTHOAI, CCCD, DIACHI, IDPB, IDBP, IDCV, IDTD, IDDT, IDTG, IDCTY, IDQT, DATHOIVIEC, CREATED_BY, CREATED_DATE) VALUES (18018, N'Vũ Thị Ngọc Hà', 2, TO_DATE('1976-04-20', 'YYYY-MM-DD'), N'0904572826', N'001176020328', N'Văn Phú, Phú La, Hà Đông, TP Hà Nội', 1, 4, 36, 30, 1, 1, 1, 191, 0, 1, SYSDATE);
INSERT INTO HR.TB_HOPDONG (SOHD, NGAYBATDAU, NGAYKETTHUC, NGAYKY, NOIDUNG, LANKY, THOIHAN, HESOLUONG, MANV, IDCTY, CREATED_BY, CREATED_DATE) VALUES ('00013/2024/HDLD', TO_DATE('2018-12-01', 'YYYY-MM-DD'), NULL, TO_DATE('2018-12-01', 'YYYY-MM-DD'), N'Hop dong lao dong', 1, '3 Nam', 33060000, 18018, 1, 1, SYSDATE);
INSERT INTO HR.TB_NHANVIEN_PHUCAP (MANV, IDPC, MAKYCONG, GHICHU, SOTIEN, CREATED_BY, CREATED_DATE) VALUES (18018, 6, 202404, N'Import tu Excel', 3306000, 1, SYSDATE);
INSERT INTO HR.TB_NHANVIEN_PHUCAP (MANV, IDPC, MAKYCONG, GHICHU, SOTIEN, CREATED_BY, CREATED_DATE) VALUES (18018, 5, 202404, N'Import tu Excel', 800000, 1, SYSDATE);
INSERT INTO HR.TB_NHANVIEN_PHUCAP (MANV, IDPC, MAKYCONG, GHICHU, SOTIEN, CREATED_BY, CREATED_DATE) VALUES (18018, 3, 202404, N'Import tu Excel', 4628400, 1, SYSDATE);
INSERT INTO HR.TB_NHANVIEN_PHUCAP (MANV, IDPC, MAKYCONG, GHICHU, SOTIEN, CREATED_BY, CREATED_DATE) VALUES (18018, 2, 202404, N'Import tu Excel', 1983600, 1, SYSDATE);
INSERT INTO HR.TB_NHANVIEN_PHUCAP (MANV, IDPC, MAKYCONG, GHICHU, SOTIEN, CREATED_BY, CREATED_DATE) VALUES (18018, 1, 202404, N'Import tu Excel', 3306000, 1, SYSDATE);

--- Employee ID: 19026
INSERT INTO HR.TB_NHANVIEN (MANV, HOTEN, IDGT, NGAYSINH, DIENTHOAI, CCCD, DIACHI, IDPB, IDBP, IDCV, IDTD, IDDT, IDTG, IDCTY, IDQT, DATHOIVIEC, CREATED_BY, CREATED_DATE) VALUES (19026, N'Vi Hồng Sơn', 2, TO_DATE('1995-01-13', 'YYYY-MM-DD'), N'0382187620', N'040095033480', N'Thạch Ngàn, Con Cuông, Nghệ An', 27, 26, 36, 22, 4, 1, 1, 191, 0, 1, SYSDATE);
INSERT INTO HR.TB_HOPDONG (SOHD, NGAYBATDAU, NGAYKETTHUC, NGAYKY, NOIDUNG, LANKY, THOIHAN, HESOLUONG, MANV, IDCTY, CREATED_BY, CREATED_DATE) VALUES ('00014/2024/HDLD', TO_DATE('2019-01-10', 'YYYY-MM-DD'), NULL, TO_DATE('2019-01-10', 'YYYY-MM-DD'), N'Hop dong lao dong', 1, '3 Nam', 8100120, 19026, 1, 1, SYSDATE);
INSERT INTO HR.TB_NHANVIEN_PHUCAP (MANV, IDPC, MAKYCONG, GHICHU, SOTIEN, CREATED_BY, CREATED_DATE) VALUES (19026, 6, 202404, N'Import tu Excel', 810012, 1, SYSDATE);
INSERT INTO HR.TB_NHANVIEN_PHUCAP (MANV, IDPC, MAKYCONG, GHICHU, SOTIEN, CREATED_BY, CREATED_DATE) VALUES (19026, 5, 202404, N'Import tu Excel', 1000000, 1, SYSDATE);
INSERT INTO HR.TB_NHANVIEN_PHUCAP (MANV, IDPC, MAKYCONG, GHICHU, SOTIEN, CREATED_BY, CREATED_DATE) VALUES (19026, 3, 202404, N'Import tu Excel', 1134017, 1, SYSDATE);
INSERT INTO HR.TB_NHANVIEN_PHUCAP (MANV, IDPC, MAKYCONG, GHICHU, SOTIEN, CREATED_BY, CREATED_DATE) VALUES (19026, 2, 202404, N'Import tu Excel', 486007, 1, SYSDATE);
INSERT INTO HR.TB_NHANVIEN_PHUCAP (MANV, IDPC, MAKYCONG, GHICHU, SOTIEN, CREATED_BY, CREATED_DATE) VALUES (19026, 1, 202404, N'Import tu Excel', 810012, 1, SYSDATE);

--- Employee ID: 19031
INSERT INTO HR.TB_NHANVIEN (MANV, HOTEN, IDGT, NGAYSINH, DIENTHOAI, CCCD, DIACHI, IDPB, IDBP, IDCV, IDTD, IDDT, IDTG, IDCTY, IDQT, DATHOIVIEC, CREATED_BY, CREATED_DATE) VALUES (19031, N'Lò Văn Hoà', 2, TO_DATE('1995-03-08', 'YYYY-MM-DD'), N'0969228573', N'038095021492', N'Xã Vạn Xuân, Huyện Thường Xuân, Thanh Hóa', 38, 38, 36, 30, 4, 1, 1, 191, 0, 1, SYSDATE);
INSERT INTO HR.TB_HOPDONG (SOHD, NGAYBATDAU, NGAYKETTHUC, NGAYKY, NOIDUNG, LANKY, THOIHAN, HESOLUONG, MANV, IDCTY, CREATED_BY, CREATED_DATE) VALUES ('00015/2024/HDLD', TO_DATE('2019-02-12', 'YYYY-MM-DD'), NULL, TO_DATE('2019-02-12', 'YYYY-MM-DD'), N'Hop dong lao dong', 1, '3 Nam', 9018880, 19031, 1, 1, SYSDATE);
INSERT INTO HR.TB_NHANVIEN_PHUCAP (MANV, IDPC, MAKYCONG, GHICHU, SOTIEN, CREATED_BY, CREATED_DATE) VALUES (19031, 6, 202404, N'Import tu Excel', 901888, 1, SYSDATE);
INSERT INTO HR.TB_NHANVIEN_PHUCAP (MANV, IDPC, MAKYCONG, GHICHU, SOTIEN, CREATED_BY, CREATED_DATE) VALUES (19031, 5, 202404, N'Import tu Excel', 1000000, 1, SYSDATE);
INSERT INTO HR.TB_NHANVIEN_PHUCAP (MANV, IDPC, MAKYCONG, GHICHU, SOTIEN, CREATED_BY, CREATED_DATE) VALUES (19031, 3, 202404, N'Import tu Excel', 1262643, 1, SYSDATE);
INSERT INTO HR.TB_NHANVIEN_PHUCAP (MANV, IDPC, MAKYCONG, GHICHU, SOTIEN, CREATED_BY, CREATED_DATE) VALUES (19031, 2, 202404, N'Import tu Excel', 541133, 1, SYSDATE);
INSERT INTO HR.TB_NHANVIEN_PHUCAP (MANV, IDPC, MAKYCONG, GHICHU, SOTIEN, CREATED_BY, CREATED_DATE) VALUES (19031, 1, 202404, N'Import tu Excel', 901888, 1, SYSDATE);

--- Employee ID: 19060
INSERT INTO HR.TB_NHANVIEN (MANV, HOTEN, IDGT, NGAYSINH, DIENTHOAI, CCCD, DIACHI, IDPB, IDBP, IDCV, IDTD, IDDT, IDTG, IDCTY, IDQT, DATHOIVIEC, CREATED_BY, CREATED_DATE) VALUES (19060, N'Trần Quốc Việt', 2, TO_DATE('1996-07-08', 'YYYY-MM-DD'), N'0326236903', N'034096011323', N'Vũ Lạc, TP.Thái Bình, Thái Bình', 31, 31, 36, 30, 1, 1, 1, 191, 0, 1, SYSDATE);
INSERT INTO HR.TB_HOPDONG (SOHD, NGAYBATDAU, NGAYKETTHUC, NGAYKY, NOIDUNG, LANKY, THOIHAN, HESOLUONG, MANV, IDCTY, CREATED_BY, CREATED_DATE) VALUES ('00016/2024/HDLD', TO_DATE('2019-05-02', 'YYYY-MM-DD'), NULL, TO_DATE('2019-05-02', 'YYYY-MM-DD'), N'Hop dong lao dong', 1, '3 Nam', 18000000, 19060, 1, 1, SYSDATE);
INSERT INTO HR.TB_NHANVIEN_PHUCAP (MANV, IDPC, MAKYCONG, GHICHU, SOTIEN, CREATED_BY, CREATED_DATE) VALUES (19060, 6, 202404, N'Import tu Excel', 1800000, 1, SYSDATE);
INSERT INTO HR.TB_NHANVIEN_PHUCAP (MANV, IDPC, MAKYCONG, GHICHU, SOTIEN, CREATED_BY, CREATED_DATE) VALUES (19060, 5, 202404, N'Import tu Excel', 800000, 1, SYSDATE);
INSERT INTO HR.TB_NHANVIEN_PHUCAP (MANV, IDPC, MAKYCONG, GHICHU, SOTIEN, CREATED_BY, CREATED_DATE) VALUES (19060, 3, 202404, N'Import tu Excel', 4520000, 1, SYSDATE);
INSERT INTO HR.TB_NHANVIEN_PHUCAP (MANV, IDPC, MAKYCONG, GHICHU, SOTIEN, CREATED_BY, CREATED_DATE) VALUES (19060, 2, 202404, N'Import tu Excel', 1080000, 1, SYSDATE);
INSERT INTO HR.TB_NHANVIEN_PHUCAP (MANV, IDPC, MAKYCONG, GHICHU, SOTIEN, CREATED_BY, CREATED_DATE) VALUES (19060, 1, 202404, N'Import tu Excel', 1800000, 1, SYSDATE);

--- Employee ID: 19075
INSERT INTO HR.TB_NHANVIEN (MANV, HOTEN, IDGT, NGAYSINH, DIENTHOAI, CCCD, DIACHI, IDPB, IDBP, IDCV, IDTD, IDDT, IDTG, IDCTY, IDQT, DATHOIVIEC, CREATED_BY, CREATED_DATE) VALUES (19075, N'Nguyễn Thị Thao', 2, TO_DATE('1993-07-02', 'YYYY-MM-DD'), N'0397252832', N'027193002379', N'Phật Tích, Tiên Du, Bắc Ninh', 1, 4, 36, 30, 1, 1, 1, 191, 0, 1, SYSDATE);
INSERT INTO HR.TB_HOPDONG (SOHD, NGAYBATDAU, NGAYKETTHUC, NGAYKY, NOIDUNG, LANKY, THOIHAN, HESOLUONG, MANV, IDCTY, CREATED_BY, CREATED_DATE) VALUES ('00017/2024/HDLD', TO_DATE('2019-08-30', 'YYYY-MM-DD'), NULL, TO_DATE('2019-08-30', 'YYYY-MM-DD'), N'Hop dong lao dong', 1, '3 Nam', 12000000, 19075, 1, 1, SYSDATE);
INSERT INTO HR.TB_NHANVIEN_PHUCAP (MANV, IDPC, MAKYCONG, GHICHU, SOTIEN, CREATED_BY, CREATED_DATE) VALUES (19075, 6, 202404, N'Import tu Excel', 1200000, 1, SYSDATE);
INSERT INTO HR.TB_NHANVIEN_PHUCAP (MANV, IDPC, MAKYCONG, GHICHU, SOTIEN, CREATED_BY, CREATED_DATE) VALUES (19075, 5, 202404, N'Import tu Excel', 800000, 1, SYSDATE);
INSERT INTO HR.TB_NHANVIEN_PHUCAP (MANV, IDPC, MAKYCONG, GHICHU, SOTIEN, CREATED_BY, CREATED_DATE) VALUES (19075, 3, 202404, N'Import tu Excel', 1680000, 1, SYSDATE);
INSERT INTO HR.TB_NHANVIEN_PHUCAP (MANV, IDPC, MAKYCONG, GHICHU, SOTIEN, CREATED_BY, CREATED_DATE) VALUES (19075, 2, 202404, N'Import tu Excel', 720000, 1, SYSDATE);
INSERT INTO HR.TB_NHANVIEN_PHUCAP (MANV, IDPC, MAKYCONG, GHICHU, SOTIEN, CREATED_BY, CREATED_DATE) VALUES (19075, 1, 202404, N'Import tu Excel', 1200000, 1, SYSDATE);

--- Employee ID: 19078
INSERT INTO HR.TB_NHANVIEN (MANV, HOTEN, IDGT, NGAYSINH, DIENTHOAI, CCCD, DIACHI, IDPB, IDBP, IDCV, IDTD, IDDT, IDTG, IDCTY, IDQT, DATHOIVIEC, CREATED_BY, CREATED_DATE) VALUES (19078, N'Nguyễn Văn Đạt', 2, TO_DATE('1995-10-28', 'YYYY-MM-DD'), N'336631620', N'027095006447', N'Đồng Nguyên, Từ Sơn, Bắc Ninh', 27, 26, 36, 30, 1, 1, 1, 191, 0, 1, SYSDATE);
INSERT INTO HR.TB_HOPDONG (SOHD, NGAYBATDAU, NGAYKETTHUC, NGAYKY, NOIDUNG, LANKY, THOIHAN, HESOLUONG, MANV, IDCTY, CREATED_BY, CREATED_DATE) VALUES ('00018/2024/HDLD', TO_DATE('2019-09-16', 'YYYY-MM-DD'), NULL, TO_DATE('2019-09-16', 'YYYY-MM-DD'), N'Hop dong lao dong', 1, '3 Nam', 7834200, 19078, 1, 1, SYSDATE);
INSERT INTO HR.TB_NHANVIEN_PHUCAP (MANV, IDPC, MAKYCONG, GHICHU, SOTIEN, CREATED_BY, CREATED_DATE) VALUES (19078, 6, 202404, N'Import tu Excel', 783420, 1, SYSDATE);
INSERT INTO HR.TB_NHANVIEN_PHUCAP (MANV, IDPC, MAKYCONG, GHICHU, SOTIEN, CREATED_BY, CREATED_DATE) VALUES (19078, 5, 202404, N'Import tu Excel', 800000, 1, SYSDATE);
INSERT INTO HR.TB_NHANVIEN_PHUCAP (MANV, IDPC, MAKYCONG, GHICHU, SOTIEN, CREATED_BY, CREATED_DATE) VALUES (19078, 3, 202404, N'Import tu Excel', 1096788, 1, SYSDATE);
INSERT INTO HR.TB_NHANVIEN_PHUCAP (MANV, IDPC, MAKYCONG, GHICHU, SOTIEN, CREATED_BY, CREATED_DATE) VALUES (19078, 2, 202404, N'Import tu Excel', 470052, 1, SYSDATE);
INSERT INTO HR.TB_NHANVIEN_PHUCAP (MANV, IDPC, MAKYCONG, GHICHU, SOTIEN, CREATED_BY, CREATED_DATE) VALUES (19078, 1, 202404, N'Import tu Excel', 783420, 1, SYSDATE);

--- Employee ID: 19087
INSERT INTO HR.TB_NHANVIEN (MANV, HOTEN, IDGT, NGAYSINH, DIENTHOAI, CCCD, DIACHI, IDPB, IDBP, IDCV, IDTD, IDDT, IDTG, IDCTY, IDQT, DATHOIVIEC, CREATED_BY, CREATED_DATE) VALUES (19087, N'Lô Văn Anh', 2, TO_DATE('1997-11-12', 'YYYY-MM-DD'), N'0974547730', N'040097022826', N'Thạch Ngàn, Con Cuông, Nghệ An', 38, 38, 36, 22, 4, 1, 1, 191, 0, 1, SYSDATE);

--- Employee ID: 20133
INSERT INTO HR.TB_NHANVIEN (MANV, HOTEN, IDGT, NGAYSINH, DIENTHOAI, CCCD, DIACHI, IDPB, IDBP, IDCV, IDTD, IDDT, IDTG, IDCTY, IDQT, DATHOIVIEC, CREATED_BY, CREATED_DATE) VALUES (20133, N'Nguyễn Thị Trinh', 2, TO_DATE('1962-08-02', 'YYYY-MM-DD'), N'0359025551', N'027162001786', N'Phật Tích, Tiên Du, Bắc Ninh', 27, 26, 36, 30, 1, 1, 1, 191, 0, 1, SYSDATE);
INSERT INTO HR.TB_HOPDONG (SOHD, NGAYBATDAU, NGAYKETTHUC, NGAYKY, NOIDUNG, LANKY, THOIHAN, HESOLUONG, MANV, IDCTY, CREATED_BY, CREATED_DATE) VALUES ('00019/2024/HDLD', TO_DATE('2020-01-08', 'YYYY-MM-DD'), NULL, TO_DATE('2020-01-08', 'YYYY-MM-DD'), N'Hop dong lao dong', 1, '3 Nam', 5700000, 20133, 1, 1, SYSDATE);
INSERT INTO HR.TB_NHANVIEN_PHUCAP (MANV, IDPC, MAKYCONG, GHICHU, SOTIEN, CREATED_BY, CREATED_DATE) VALUES (20133, 6, 202404, N'Import tu Excel', 500000, 1, SYSDATE);
INSERT INTO HR.TB_NHANVIEN_PHUCAP (MANV, IDPC, MAKYCONG, GHICHU, SOTIEN, CREATED_BY, CREATED_DATE) VALUES (20133, 5, 202404, N'Import tu Excel', 600000, 1, SYSDATE);
INSERT INTO HR.TB_NHANVIEN_PHUCAP (MANV, IDPC, MAKYCONG, GHICHU, SOTIEN, CREATED_BY, CREATED_DATE) VALUES (20133, 3, 202404, N'Import tu Excel', 425000, 1, SYSDATE);
INSERT INTO HR.TB_NHANVIEN_PHUCAP (MANV, IDPC, MAKYCONG, GHICHU, SOTIEN, CREATED_BY, CREATED_DATE) VALUES (20133, 2, 202404, N'Import tu Excel', 350000, 1, SYSDATE);

--- Employee ID: 20134
INSERT INTO HR.TB_NHANVIEN (MANV, HOTEN, IDGT, NGAYSINH, DIENTHOAI, CCCD, DIACHI, IDPB, IDBP, IDCV, IDTD, IDDT, IDTG, IDCTY, IDQT, DATHOIVIEC, CREATED_BY, CREATED_DATE) VALUES (20134, N'Nguyễn Thị Hương', 2, TO_DATE('1996-10-27', 'YYYY-MM-DD'), N'346061733', N'027196001232', N'Hoàn Sơn, Tiên Du, Bắc Ninh', 31, 31, 36, 30, 1, 1, 1, 191, 0, 1, SYSDATE);
INSERT INTO HR.TB_HOPDONG (SOHD, NGAYBATDAU, NGAYKETTHUC, NGAYKY, NOIDUNG, LANKY, THOIHAN, HESOLUONG, MANV, IDCTY, CREATED_BY, CREATED_DATE) VALUES ('00020/2024/HDLD', TO_DATE('2020-10-14', 'YYYY-MM-DD'), NULL, TO_DATE('2020-10-14', 'YYYY-MM-DD'), N'Hop dong lao dong', 1, '3 Nam', 9861500, 20134, 1, 1, SYSDATE);
INSERT INTO HR.TB_NHANVIEN_PHUCAP (MANV, IDPC, MAKYCONG, GHICHU, SOTIEN, CREATED_BY, CREATED_DATE) VALUES (20134, 6, 202404, N'Import tu Excel', 986150, 1, SYSDATE);
INSERT INTO HR.TB_NHANVIEN_PHUCAP (MANV, IDPC, MAKYCONG, GHICHU, SOTIEN, CREATED_BY, CREATED_DATE) VALUES (20134, 5, 202404, N'Import tu Excel', 400000, 1, SYSDATE);
INSERT INTO HR.TB_NHANVIEN_PHUCAP (MANV, IDPC, MAKYCONG, GHICHU, SOTIEN, CREATED_BY, CREATED_DATE) VALUES (20134, 3, 202404, N'Import tu Excel', 1380610, 1, SYSDATE);
INSERT INTO HR.TB_NHANVIEN_PHUCAP (MANV, IDPC, MAKYCONG, GHICHU, SOTIEN, CREATED_BY, CREATED_DATE) VALUES (20134, 2, 202404, N'Import tu Excel', 591690, 1, SYSDATE);
INSERT INTO HR.TB_NHANVIEN_PHUCAP (MANV, IDPC, MAKYCONG, GHICHU, SOTIEN, CREATED_BY, CREATED_DATE) VALUES (20134, 1, 202404, N'Import tu Excel', 986150, 1, SYSDATE);

--- Employee ID: 21146
INSERT INTO HR.TB_NHANVIEN (MANV, HOTEN, IDGT, NGAYSINH, DIENTHOAI, CCCD, DIACHI, IDPB, IDBP, IDCV, IDTD, IDDT, IDTG, IDCTY, IDQT, DATHOIVIEC, CREATED_BY, CREATED_DATE) VALUES (21146, N'Bùi Văn Lực', 2, TO_DATE('2000-07-16', 'YYYY-MM-DD'), N'0837231110', N'038200020668', N'Ngọc Sơn, Ngọc Lặc, Thanh Hóa', 38, 38, 36, 22, 2, 1, 1, 191, 0, 1, SYSDATE);

--- Employee ID: 21161
INSERT INTO HR.TB_NHANVIEN (MANV, HOTEN, IDGT, NGAYSINH, DIENTHOAI, CCCD, DIACHI, IDPB, IDBP, IDCV, IDTD, IDDT, IDTG, IDCTY, IDQT, DATHOIVIEC, CREATED_BY, CREATED_DATE) VALUES (21161, N'Mạc Vĩnh Phú', 2, TO_DATE('1992-06-30', 'YYYY-MM-DD'), N'0971354861', N'040092007793', N'Yên Hòa, Tương Dương, Nghệ An', 27, 26, 36, 30, 4, 1, 1, 191, 0, 1, SYSDATE);

--- Employee ID: 21162
INSERT INTO HR.TB_NHANVIEN (MANV, HOTEN, IDGT, NGAYSINH, DIENTHOAI, CCCD, DIACHI, IDPB, IDBP, IDCV, IDTD, IDDT, IDTG, IDCTY, IDQT, DATHOIVIEC, CREATED_BY, CREATED_DATE) VALUES (21162, N'Lô Văn Mằn', 2, TO_DATE('1992-12-28', 'YYYY-MM-DD'), N'0368375260', N'040092024669', N'Thạch Ngàn, Con Cuông, Nghệ An', 27, 26, 36, 22, 4, 1, 1, 191, 0, 1, SYSDATE);

--- Employee ID: 21165
INSERT INTO HR.TB_NHANVIEN (MANV, HOTEN, IDGT, NGAYSINH, DIENTHOAI, CCCD, DIACHI, IDPB, IDBP, IDCV, IDTD, IDDT, IDTG, IDCTY, IDQT, DATHOIVIEC, CREATED_BY, CREATED_DATE) VALUES (21165, N'Nguyễn Công Danh', 2, TO_DATE('1998-03-30', 'YYYY-MM-DD'), N'0376663238', N'020098005433', N'Tân Đoàn, Văn Quan, lạng Sơn', 38, 38, 36, 30, 4, 1, 1, 191, 0, 1, SYSDATE);
INSERT INTO HR.TB_HOPDONG (SOHD, NGAYBATDAU, NGAYKETTHUC, NGAYKY, NOIDUNG, LANKY, THOIHAN, HESOLUONG, MANV, IDCTY, CREATED_BY, CREATED_DATE) VALUES ('00021/2024/HDLD', TO_DATE('2021-11-05', 'YYYY-MM-DD'), NULL, TO_DATE('2021-11-05', 'YYYY-MM-DD'), N'Hop dong lao dong', 1, '3 Nam', 15600600, 21165, 1, 1, SYSDATE);
INSERT INTO HR.TB_NHANVIEN_PHUCAP (MANV, IDPC, MAKYCONG, GHICHU, SOTIEN, CREATED_BY, CREATED_DATE) VALUES (21165, 6, 202404, N'Import tu Excel', 1560060, 1, SYSDATE);
INSERT INTO HR.TB_NHANVIEN_PHUCAP (MANV, IDPC, MAKYCONG, GHICHU, SOTIEN, CREATED_BY, CREATED_DATE) VALUES (21165, 5, 202404, N'Import tu Excel', 400000, 1, SYSDATE);
INSERT INTO HR.TB_NHANVIEN_PHUCAP (MANV, IDPC, MAKYCONG, GHICHU, SOTIEN, CREATED_BY, CREATED_DATE) VALUES (21165, 3, 202404, N'Import tu Excel', 2184084, 1, SYSDATE);
INSERT INTO HR.TB_NHANVIEN_PHUCAP (MANV, IDPC, MAKYCONG, GHICHU, SOTIEN, CREATED_BY, CREATED_DATE) VALUES (21165, 2, 202404, N'Import tu Excel', 936036, 1, SYSDATE);
INSERT INTO HR.TB_NHANVIEN_PHUCAP (MANV, IDPC, MAKYCONG, GHICHU, SOTIEN, CREATED_BY, CREATED_DATE) VALUES (21165, 1, 202404, N'Import tu Excel', 1560060, 1, SYSDATE);

--- Employee ID: 21178
INSERT INTO HR.TB_NHANVIEN (MANV, HOTEN, IDGT, NGAYSINH, DIENTHOAI, CCCD, DIACHI, IDPB, IDBP, IDCV, IDTD, IDDT, IDTG, IDCTY, IDQT, DATHOIVIEC, CREATED_BY, CREATED_DATE) VALUES (21178, N'Nguyễn Văn Đại', 2, TO_DATE('1993-08-15', 'YYYY-MM-DD'), N'0395090877', N'038093033578', N'Yên Trung, Yên Định, Thanh Hoá', 38, 38, 36, 22, 1, 1, 1, 191, 0, 1, SYSDATE);
INSERT INTO HR.TB_HOPDONG (SOHD, NGAYBATDAU, NGAYKETTHUC, NGAYKY, NOIDUNG, LANKY, THOIHAN, HESOLUONG, MANV, IDCTY, CREATED_BY, CREATED_DATE) VALUES ('00022/2024/HDLD', TO_DATE('2021-09-23', 'YYYY-MM-DD'), NULL, TO_DATE('2021-09-23', 'YYYY-MM-DD'), N'Hop dong lao dong', 1, '3 Nam', 16672740, 21178, 1, 1, SYSDATE);
INSERT INTO HR.TB_NHANVIEN_PHUCAP (MANV, IDPC, MAKYCONG, GHICHU, SOTIEN, CREATED_BY, CREATED_DATE) VALUES (21178, 6, 202404, N'Import tu Excel', 1667274, 1, SYSDATE);
INSERT INTO HR.TB_NHANVIEN_PHUCAP (MANV, IDPC, MAKYCONG, GHICHU, SOTIEN, CREATED_BY, CREATED_DATE) VALUES (21178, 5, 202404, N'Import tu Excel', 400000, 1, SYSDATE);
INSERT INTO HR.TB_NHANVIEN_PHUCAP (MANV, IDPC, MAKYCONG, GHICHU, SOTIEN, CREATED_BY, CREATED_DATE) VALUES (21178, 3, 202404, N'Import tu Excel', 2334184, 1, SYSDATE);
INSERT INTO HR.TB_NHANVIEN_PHUCAP (MANV, IDPC, MAKYCONG, GHICHU, SOTIEN, CREATED_BY, CREATED_DATE) VALUES (21178, 2, 202404, N'Import tu Excel', 1000364, 1, SYSDATE);
INSERT INTO HR.TB_NHANVIEN_PHUCAP (MANV, IDPC, MAKYCONG, GHICHU, SOTIEN, CREATED_BY, CREATED_DATE) VALUES (21178, 1, 202404, N'Import tu Excel', 1667274, 1, SYSDATE);

--- Employee ID: 22183
INSERT INTO HR.TB_NHANVIEN (MANV, HOTEN, IDGT, NGAYSINH, DIENTHOAI, CCCD, DIACHI, IDPB, IDBP, IDCV, IDTD, IDDT, IDTG, IDCTY, IDQT, DATHOIVIEC, CREATED_BY, CREATED_DATE) VALUES (22183, N'Vi Trọng Đại', 2, TO_DATE('1994-09-15', 'YYYY-MM-DD'), N'869316045', N'040094025693', N'Thạch Ngàn, Con Cuông, Nghệ An', 27, 26, 36, 22, 4, 1, 1, 191, 0, 1, SYSDATE);
INSERT INTO HR.TB_HOPDONG (SOHD, NGAYBATDAU, NGAYKETTHUC, NGAYKY, NOIDUNG, LANKY, THOIHAN, HESOLUONG, MANV, IDCTY, CREATED_BY, CREATED_DATE) VALUES ('00023/2024/HDLD', TO_DATE('2022-02-11', 'YYYY-MM-DD'), NULL, TO_DATE('2022-02-11', 'YYYY-MM-DD'), N'Hop dong lao dong', 1, '3 Nam', 6200000, 22183, 1, 1, SYSDATE);
INSERT INTO HR.TB_NHANVIEN_PHUCAP (MANV, IDPC, MAKYCONG, GHICHU, SOTIEN, CREATED_BY, CREATED_DATE) VALUES (22183, 6, 202404, N'Import tu Excel', 450000, 1, SYSDATE);
INSERT INTO HR.TB_NHANVIEN_PHUCAP (MANV, IDPC, MAKYCONG, GHICHU, SOTIEN, CREATED_BY, CREATED_DATE) VALUES (22183, 5, 202404, N'Import tu Excel', 400000, 1, SYSDATE);
INSERT INTO HR.TB_NHANVIEN_PHUCAP (MANV, IDPC, MAKYCONG, GHICHU, SOTIEN, CREATED_BY, CREATED_DATE) VALUES (22183, 3, 202404, N'Import tu Excel', 475000, 1, SYSDATE);
INSERT INTO HR.TB_NHANVIEN_PHUCAP (MANV, IDPC, MAKYCONG, GHICHU, SOTIEN, CREATED_BY, CREATED_DATE) VALUES (22183, 2, 202404, N'Import tu Excel', 350000, 1, SYSDATE);
INSERT INTO HR.TB_NHANVIEN_PHUCAP (MANV, IDPC, MAKYCONG, GHICHU, SOTIEN, CREATED_BY, CREATED_DATE) VALUES (22183, 1, 202404, N'Import tu Excel', 300000, 1, SYSDATE);

--- Employee ID: 22192
INSERT INTO HR.TB_NHANVIEN (MANV, HOTEN, IDGT, NGAYSINH, DIENTHOAI, CCCD, DIACHI, IDPB, IDBP, IDCV, IDTD, IDDT, IDTG, IDCTY, IDQT, DATHOIVIEC, CREATED_BY, CREATED_DATE) VALUES (22192, N'Lăng Văn Hảo', 2, TO_DATE('1995-12-26', 'YYYY-MM-DD'), N'0382450469', N'020095005473', N'Vân An, Chi Lăng, Lạng Sơn', 38, 38, 36, 22, 1, 1, 1, 191, 0, 1, SYSDATE);
INSERT INTO HR.TB_HOPDONG (SOHD, NGAYBATDAU, NGAYKETTHUC, NGAYKY, NOIDUNG, LANKY, THOIHAN, HESOLUONG, MANV, IDCTY, CREATED_BY, CREATED_DATE) VALUES ('00024/2024/HDLD', TO_DATE('2022-03-22', 'YYYY-MM-DD'), NULL, TO_DATE('2022-03-22', 'YYYY-MM-DD'), N'Hop dong lao dong', 1, '3 Nam', 5700000, 22192, 1, 1, SYSDATE);
INSERT INTO HR.TB_NHANVIEN_PHUCAP (MANV, IDPC, MAKYCONG, GHICHU, SOTIEN, CREATED_BY, CREATED_DATE) VALUES (22192, 6, 202404, N'Import tu Excel', 400000, 1, SYSDATE);
INSERT INTO HR.TB_NHANVIEN_PHUCAP (MANV, IDPC, MAKYCONG, GHICHU, SOTIEN, CREATED_BY, CREATED_DATE) VALUES (22192, 5, 202404, N'Import tu Excel', 200000, 1, SYSDATE);
INSERT INTO HR.TB_NHANVIEN_PHUCAP (MANV, IDPC, MAKYCONG, GHICHU, SOTIEN, CREATED_BY, CREATED_DATE) VALUES (22192, 3, 202404, N'Import tu Excel', 425000, 1, SYSDATE);
INSERT INTO HR.TB_NHANVIEN_PHUCAP (MANV, IDPC, MAKYCONG, GHICHU, SOTIEN, CREATED_BY, CREATED_DATE) VALUES (22192, 2, 202404, N'Import tu Excel', 350000, 1, SYSDATE);

--- Employee ID: 22196
INSERT INTO HR.TB_NHANVIEN (MANV, HOTEN, IDGT, NGAYSINH, DIENTHOAI, CCCD, DIACHI, IDPB, IDBP, IDCV, IDTD, IDDT, IDTG, IDCTY, IDQT, DATHOIVIEC, CREATED_BY, CREATED_DATE) VALUES (22196, N'Trần Văn Hưng', 2, TO_DATE('1994-10-01', 'YYYY-MM-DD'), N'0375118997', N'008094001594', N'Phú Thịnh, Yên Sơn, Tuyên Quang', 27, 26, 36, 30, 1, 1, 1, 191, 0, 1, SYSDATE);
INSERT INTO HR.TB_HOPDONG (SOHD, NGAYBATDAU, NGAYKETTHUC, NGAYKY, NOIDUNG, LANKY, THOIHAN, HESOLUONG, MANV, IDCTY, CREATED_BY, CREATED_DATE) VALUES ('00025/2024/HDLD', TO_DATE('2022-04-07', 'YYYY-MM-DD'), NULL, TO_DATE('2022-04-07', 'YYYY-MM-DD'), N'Hop dong lao dong', 1, '3 Nam', 6000000, 22196, 1, 1, SYSDATE);
INSERT INTO HR.TB_NHANVIEN_PHUCAP (MANV, IDPC, MAKYCONG, GHICHU, SOTIEN, CREATED_BY, CREATED_DATE) VALUES (22196, 6, 202404, N'Import tu Excel', 450000, 1, SYSDATE);
INSERT INTO HR.TB_NHANVIEN_PHUCAP (MANV, IDPC, MAKYCONG, GHICHU, SOTIEN, CREATED_BY, CREATED_DATE) VALUES (22196, 5, 202404, N'Import tu Excel', 200000, 1, SYSDATE);
INSERT INTO HR.TB_NHANVIEN_PHUCAP (MANV, IDPC, MAKYCONG, GHICHU, SOTIEN, CREATED_BY, CREATED_DATE) VALUES (22196, 3, 202404, N'Import tu Excel', 475000, 1, SYSDATE);
INSERT INTO HR.TB_NHANVIEN_PHUCAP (MANV, IDPC, MAKYCONG, GHICHU, SOTIEN, CREATED_BY, CREATED_DATE) VALUES (22196, 2, 202404, N'Import tu Excel', 350000, 1, SYSDATE);
INSERT INTO HR.TB_NHANVIEN_PHUCAP (MANV, IDPC, MAKYCONG, GHICHU, SOTIEN, CREATED_BY, CREATED_DATE) VALUES (22196, 1, 202404, N'Import tu Excel', 100000, 1, SYSDATE);

--- Employee ID: 22198
INSERT INTO HR.TB_NHANVIEN (MANV, HOTEN, IDGT, NGAYSINH, DIENTHOAI, CCCD, DIACHI, IDPB, IDBP, IDCV, IDTD, IDDT, IDTG, IDCTY, IDQT, DATHOIVIEC, CREATED_BY, CREATED_DATE) VALUES (22198, N'Lưu Danh Võ', 2, TO_DATE('1997-02-07', 'YYYY-MM-DD'), N'0395913269', N'037097004040', N'Liên Sơn, Gia Viễn, Ninh Bình', 38, 38, 36, 22, 1, 1, 1, 191, 0, 1, SYSDATE);
INSERT INTO HR.TB_HOPDONG (SOHD, NGAYBATDAU, NGAYKETTHUC, NGAYKY, NOIDUNG, LANKY, THOIHAN, HESOLUONG, MANV, IDCTY, CREATED_BY, CREATED_DATE) VALUES ('00026/2024/HDLD', TO_DATE('2022-03-05', 'YYYY-MM-DD'), NULL, TO_DATE('2022-03-05', 'YYYY-MM-DD'), N'Hop dong lao dong', 1, '3 Nam', 5700000, 22198, 1, 1, SYSDATE);
INSERT INTO HR.TB_NHANVIEN_PHUCAP (MANV, IDPC, MAKYCONG, GHICHU, SOTIEN, CREATED_BY, CREATED_DATE) VALUES (22198, 6, 202404, N'Import tu Excel', 400000, 1, SYSDATE);
INSERT INTO HR.TB_NHANVIEN_PHUCAP (MANV, IDPC, MAKYCONG, GHICHU, SOTIEN, CREATED_BY, CREATED_DATE) VALUES (22198, 5, 202404, N'Import tu Excel', 200000, 1, SYSDATE);
INSERT INTO HR.TB_NHANVIEN_PHUCAP (MANV, IDPC, MAKYCONG, GHICHU, SOTIEN, CREATED_BY, CREATED_DATE) VALUES (22198, 3, 202404, N'Import tu Excel', 425000, 1, SYSDATE);
INSERT INTO HR.TB_NHANVIEN_PHUCAP (MANV, IDPC, MAKYCONG, GHICHU, SOTIEN, CREATED_BY, CREATED_DATE) VALUES (22198, 2, 202404, N'Import tu Excel', 350000, 1, SYSDATE);

--- Employee ID: 22201
INSERT INTO HR.TB_NHANVIEN (MANV, HOTEN, IDGT, NGAYSINH, DIENTHOAI, CCCD, DIACHI, IDPB, IDBP, IDCV, IDTD, IDDT, IDTG, IDCTY, IDQT, DATHOIVIEC, CREATED_BY, CREATED_DATE) VALUES (22201, N'Nguyễn Văn Cảnh', 2, TO_DATE('1992-09-16', 'YYYY-MM-DD'), N'0398879140', N'040092035571', N'Yên Hoà, Tương Dương, Nghệ An', 27, 26, 36, 22, 4, 1, 1, 191, 0, 1, SYSDATE);
INSERT INTO HR.TB_HOPDONG (SOHD, NGAYBATDAU, NGAYKETTHUC, NGAYKY, NOIDUNG, LANKY, THOIHAN, HESOLUONG, MANV, IDCTY, CREATED_BY, CREATED_DATE) VALUES ('00027/2024/HDLD', TO_DATE('2022-05-20', 'YYYY-MM-DD'), NULL, TO_DATE('2022-05-20', 'YYYY-MM-DD'), N'Hop dong lao dong', 1, '3 Nam', 6000000, 22201, 1, 1, SYSDATE);
INSERT INTO HR.TB_NHANVIEN_PHUCAP (MANV, IDPC, MAKYCONG, GHICHU, SOTIEN, CREATED_BY, CREATED_DATE) VALUES (22201, 6, 202404, N'Import tu Excel', 450000, 1, SYSDATE);
INSERT INTO HR.TB_NHANVIEN_PHUCAP (MANV, IDPC, MAKYCONG, GHICHU, SOTIEN, CREATED_BY, CREATED_DATE) VALUES (22201, 5, 202404, N'Import tu Excel', 200000, 1, SYSDATE);
INSERT INTO HR.TB_NHANVIEN_PHUCAP (MANV, IDPC, MAKYCONG, GHICHU, SOTIEN, CREATED_BY, CREATED_DATE) VALUES (22201, 3, 202404, N'Import tu Excel', 475000, 1, SYSDATE);
INSERT INTO HR.TB_NHANVIEN_PHUCAP (MANV, IDPC, MAKYCONG, GHICHU, SOTIEN, CREATED_BY, CREATED_DATE) VALUES (22201, 2, 202404, N'Import tu Excel', 350000, 1, SYSDATE);
INSERT INTO HR.TB_NHANVIEN_PHUCAP (MANV, IDPC, MAKYCONG, GHICHU, SOTIEN, CREATED_BY, CREATED_DATE) VALUES (22201, 1, 202404, N'Import tu Excel', 100000, 1, SYSDATE);

--- Employee ID: 22202
INSERT INTO HR.TB_NHANVIEN (MANV, HOTEN, IDGT, NGAYSINH, DIENTHOAI, CCCD, DIACHI, IDPB, IDBP, IDCV, IDTD, IDDT, IDTG, IDCTY, IDQT, DATHOIVIEC, CREATED_BY, CREATED_DATE) VALUES (22202, N'Nguyễn Văn Hải', 2, TO_DATE('1989-03-28', 'YYYY-MM-DD'), N'399629586', N'019089014331', N'Bảo Cường, Định Hoá, Thái Nguyên', 27, 26, 36, 30, 1, 1, 1, 191, 0, 1, SYSDATE);
INSERT INTO HR.TB_HOPDONG (SOHD, NGAYBATDAU, NGAYKETTHUC, NGAYKY, NOIDUNG, LANKY, THOIHAN, HESOLUONG, MANV, IDCTY, CREATED_BY, CREATED_DATE) VALUES ('00028/2024/HDLD', TO_DATE('2022-01-06', 'YYYY-MM-DD'), NULL, TO_DATE('2022-01-06', 'YYYY-MM-DD'), N'Hop dong lao dong', 1, '3 Nam', 5700000, 22202, 1, 1, SYSDATE);
INSERT INTO HR.TB_NHANVIEN_PHUCAP (MANV, IDPC, MAKYCONG, GHICHU, SOTIEN, CREATED_BY, CREATED_DATE) VALUES (22202, 6, 202404, N'Import tu Excel', 400000, 1, SYSDATE);
INSERT INTO HR.TB_NHANVIEN_PHUCAP (MANV, IDPC, MAKYCONG, GHICHU, SOTIEN, CREATED_BY, CREATED_DATE) VALUES (22202, 5, 202404, N'Import tu Excel', 200000, 1, SYSDATE);
INSERT INTO HR.TB_NHANVIEN_PHUCAP (MANV, IDPC, MAKYCONG, GHICHU, SOTIEN, CREATED_BY, CREATED_DATE) VALUES (22202, 3, 202404, N'Import tu Excel', 425000, 1, SYSDATE);
INSERT INTO HR.TB_NHANVIEN_PHUCAP (MANV, IDPC, MAKYCONG, GHICHU, SOTIEN, CREATED_BY, CREATED_DATE) VALUES (22202, 2, 202404, N'Import tu Excel', 350000, 1, SYSDATE);

--- Employee ID: 23209
INSERT INTO HR.TB_NHANVIEN (MANV, HOTEN, IDGT, NGAYSINH, DIENTHOAI, CCCD, DIACHI, IDPB, IDBP, IDCV, IDTD, IDDT, IDTG, IDCTY, IDQT, DATHOIVIEC, CREATED_BY, CREATED_DATE) VALUES (23209, N'Lô Tiến Mậu', 2, TO_DATE('1988-05-25', 'YYYY-MM-DD'), N'0375293930', N'040088015696', N'Thạch Ngàn, Con Cuông, Nghệ An', 27, 26, 36, 22, 4, 1, 1, 191, 0, 1, SYSDATE);
INSERT INTO HR.TB_HOPDONG (SOHD, NGAYBATDAU, NGAYKETTHUC, NGAYKY, NOIDUNG, LANKY, THOIHAN, HESOLUONG, MANV, IDCTY, CREATED_BY, CREATED_DATE) VALUES ('00029/2024/HDLD', TO_DATE('2023-01-30', 'YYYY-MM-DD'), NULL, TO_DATE('2023-01-30', 'YYYY-MM-DD'), N'Hop dong lao dong', 1, '3 Nam', 5500000, 23209, 1, 1, SYSDATE);
INSERT INTO HR.TB_NHANVIEN_PHUCAP (MANV, IDPC, MAKYCONG, GHICHU, SOTIEN, CREATED_BY, CREATED_DATE) VALUES (23209, 6, 202404, N'Import tu Excel', 350000, 1, SYSDATE);
INSERT INTO HR.TB_NHANVIEN_PHUCAP (MANV, IDPC, MAKYCONG, GHICHU, SOTIEN, CREATED_BY, CREATED_DATE) VALUES (23209, 5, 202404, N'Import tu Excel', 200000, 1, SYSDATE);
INSERT INTO HR.TB_NHANVIEN_PHUCAP (MANV, IDPC, MAKYCONG, GHICHU, SOTIEN, CREATED_BY, CREATED_DATE) VALUES (23209, 3, 202404, N'Import tu Excel', 325000, 1, SYSDATE);
INSERT INTO HR.TB_NHANVIEN_PHUCAP (MANV, IDPC, MAKYCONG, GHICHU, SOTIEN, CREATED_BY, CREATED_DATE) VALUES (23209, 2, 202404, N'Import tu Excel', 300000, 1, SYSDATE);

--- Employee ID: 23220
INSERT INTO HR.TB_NHANVIEN (MANV, HOTEN, IDGT, NGAYSINH, DIENTHOAI, CCCD, DIACHI, IDPB, IDBP, IDCV, IDTD, IDDT, IDTG, IDCTY, IDQT, DATHOIVIEC, CREATED_BY, CREATED_DATE) VALUES (23220, N'Hoàng Việt Long', 2, TO_DATE('1998-10-19', 'YYYY-MM-DD'), N'0983196891', N'015098002748', N'An Phú, Lục Yên, Yên Bái', 38, 38, 36, 30, 4, 1, 1, 191, 0, 1, SYSDATE);

--- Employee ID: 23228
INSERT INTO HR.TB_NHANVIEN (MANV, HOTEN, IDGT, NGAYSINH, DIENTHOAI, CCCD, DIACHI, IDPB, IDBP, IDCV, IDTD, IDDT, IDTG, IDCTY, IDQT, DATHOIVIEC, CREATED_BY, CREATED_DATE) VALUES (23228, N'Đỗ Khắc Khải', 2, TO_DATE('2000-07-28', 'YYYY-MM-DD'), N'0399856888', N'027200010075', N'Yên Giả, Quế Võ, Bắc Ninh', 31, 31, 36, 22, 1, 1, 1, 191, 0, 1, SYSDATE);
INSERT INTO HR.TB_HOPDONG (SOHD, NGAYBATDAU, NGAYKETTHUC, NGAYKY, NOIDUNG, LANKY, THOIHAN, HESOLUONG, MANV, IDCTY, CREATED_BY, CREATED_DATE) VALUES ('00030/2024/HDLD', TO_DATE('2023-04-19', 'YYYY-MM-DD'), NULL, TO_DATE('2023-04-19', 'YYYY-MM-DD'), N'Hop dong lao dong', 1, '3 Nam', 8000000, 23228, 1, 1, SYSDATE);
INSERT INTO HR.TB_NHANVIEN_PHUCAP (MANV, IDPC, MAKYCONG, GHICHU, SOTIEN, CREATED_BY, CREATED_DATE) VALUES (23228, 6, 202404, N'Import tu Excel', 800000, 1, SYSDATE);
INSERT INTO HR.TB_NHANVIEN_PHUCAP (MANV, IDPC, MAKYCONG, GHICHU, SOTIEN, CREATED_BY, CREATED_DATE) VALUES (23228, 3, 202404, N'Import tu Excel', 1120000, 1, SYSDATE);
INSERT INTO HR.TB_NHANVIEN_PHUCAP (MANV, IDPC, MAKYCONG, GHICHU, SOTIEN, CREATED_BY, CREATED_DATE) VALUES (23228, 2, 202404, N'Import tu Excel', 480000, 1, SYSDATE);
INSERT INTO HR.TB_NHANVIEN_PHUCAP (MANV, IDPC, MAKYCONG, GHICHU, SOTIEN, CREATED_BY, CREATED_DATE) VALUES (23228, 1, 202404, N'Import tu Excel', 800000, 1, SYSDATE);

--- Employee ID: 23229
INSERT INTO HR.TB_NHANVIEN (MANV, HOTEN, IDGT, NGAYSINH, DIENTHOAI, CCCD, DIACHI, IDPB, IDBP, IDCV, IDTD, IDDT, IDTG, IDCTY, IDQT, DATHOIVIEC, CREATED_BY, CREATED_DATE) VALUES (23229, N'Ngân Văn Trường', 2, TO_DATE('2002-09-10', 'YYYY-MM-DD'), N'0358893976', N'038202010859', N'Vạn Xuân, Thường Xuân, Thanh Hóa', 27, 26, 36, 30, 4, 1, 1, 191, 0, 1, SYSDATE);

--- Employee ID: 23230
INSERT INTO HR.TB_NHANVIEN (MANV, HOTEN, IDGT, NGAYSINH, DIENTHOAI, CCCD, DIACHI, IDPB, IDBP, IDCV, IDTD, IDDT, IDTG, IDCTY, IDQT, DATHOIVIEC, CREATED_BY, CREATED_DATE) VALUES (23230, N'Nguyễn Tiến Quyền', 2, TO_DATE('1991-07-30', 'YYYY-MM-DD'), N'0359835899', N'027091002386', N'Phật Tích, Tiên Du, Bắc Ninh', 27, 26, 25, 30, 1, 1, 1, 191, 0, 1, SYSDATE);

--- Employee ID: 23231
INSERT INTO HR.TB_NHANVIEN (MANV, HOTEN, IDGT, NGAYSINH, DIENTHOAI, CCCD, DIACHI, IDPB, IDBP, IDCV, IDTD, IDDT, IDTG, IDCTY, IDQT, DATHOIVIEC, CREATED_BY, CREATED_DATE) VALUES (23231, N'Lê Thị Lan', 2, TO_DATE('1995-07-10', 'YYYY-MM-DD'), N'0963175631', N'038195040006', N'Tam Sơn, Từ Sơn, Bắc Ninh', 31, 31, 36, 30, 1, 1, 1, 191, 0, 1, SYSDATE);

--- Employee ID: 23233
INSERT INTO HR.TB_NHANVIEN (MANV, HOTEN, IDGT, NGAYSINH, DIENTHOAI, CCCD, DIACHI, IDPB, IDBP, IDCV, IDTD, IDDT, IDTG, IDCTY, IDQT, DATHOIVIEC, CREATED_BY, CREATED_DATE) VALUES (23233, N'Nguyễn Tiến Lộc', 2, TO_DATE('1999-12-25', 'YYYY-MM-DD'), N'0962271136', N'027099001448', N'Phật Tích, Tiên Du, Bắc Ninh', 27, 26, 36, 22, 1, 1, 1, 191, 0, 1, SYSDATE);

--- Employee ID: 23234
INSERT INTO HR.TB_NHANVIEN (MANV, HOTEN, IDGT, NGAYSINH, DIENTHOAI, CCCD, DIACHI, IDPB, IDBP, IDCV, IDTD, IDDT, IDTG, IDCTY, IDQT, DATHOIVIEC, CREATED_BY, CREATED_DATE) VALUES (23234, N'Nguyễn Văn Tâm', 2, TO_DATE('1990-12-26', 'YYYY-MM-DD'), N'0963004508', N'020090005747', N'Tân Thành, Hữu Lũng, Lạng Sơn', 27, 26, 25, 22, 1, 1, 1, 191, 0, 1, SYSDATE);
INSERT INTO HR.TB_HOPDONG (SOHD, NGAYBATDAU, NGAYKETTHUC, NGAYKY, NOIDUNG, LANKY, THOIHAN, HESOLUONG, MANV, IDCTY, CREATED_BY, CREATED_DATE) VALUES ('00031/2024/HDLD', TO_DATE('2023-10-05', 'YYYY-MM-DD'), NULL, TO_DATE('2023-10-05', 'YYYY-MM-DD'), N'Hop dong lao dong', 1, '3 Nam', 8500000, 23234, 1, 1, SYSDATE);
INSERT INTO HR.TB_NHANVIEN_PHUCAP (MANV, IDPC, MAKYCONG, GHICHU, SOTIEN, CREATED_BY, CREATED_DATE) VALUES (23234, 6, 202404, N'Import tu Excel', 595000, 1, SYSDATE);
INSERT INTO HR.TB_NHANVIEN_PHUCAP (MANV, IDPC, MAKYCONG, GHICHU, SOTIEN, CREATED_BY, CREATED_DATE) VALUES (23234, 3, 202404, N'Import tu Excel', 595000, 1, SYSDATE);
INSERT INTO HR.TB_NHANVIEN_PHUCAP (MANV, IDPC, MAKYCONG, GHICHU, SOTIEN, CREATED_BY, CREATED_DATE) VALUES (23234, 2, 202404, N'Import tu Excel', 510000, 1, SYSDATE);
INSERT INTO HR.TB_NHANVIEN_PHUCAP (MANV, IDPC, MAKYCONG, GHICHU, SOTIEN, CREATED_BY, CREATED_DATE) VALUES (23234, 1, 202404, N'Import tu Excel', 850000, 1, SYSDATE);

--- Employee ID: 23235
INSERT INTO HR.TB_NHANVIEN (MANV, HOTEN, IDGT, NGAYSINH, DIENTHOAI, CCCD, DIACHI, IDPB, IDBP, IDCV, IDTD, IDDT, IDTG, IDCTY, IDQT, DATHOIVIEC, CREATED_BY, CREATED_DATE) VALUES (23235, N'Kha Văn Dần', 2, TO_DATE('1998-02-15', 'YYYY-MM-DD'), N'0379264208', N'040098025182', N'Tam Đình, Tương Dương, Nghệ An', 38, 38, 36, 22, 4, 1, 1, 191, 0, 1, SYSDATE);

--- Employee ID: 23237
INSERT INTO HR.TB_NHANVIEN (MANV, HOTEN, IDGT, NGAYSINH, DIENTHOAI, CCCD, DIACHI, IDPB, IDBP, IDCV, IDTD, IDDT, IDTG, IDCTY, IDQT, DATHOIVIEC, CREATED_BY, CREATED_DATE) VALUES (23237, N'Lương Văn Huấn', 2, TO_DATE('2001-04-04', 'YYYY-MM-DD'), N'0383317454', N'038201020146', N'Vạn Xuân, Thường Xuân, Thanh Hóa', 27, 26, 36, 30, 4, 1, 1, 191, 0, 1, SYSDATE);
INSERT INTO HR.TB_HOPDONG (SOHD, NGAYBATDAU, NGAYKETTHUC, NGAYKY, NOIDUNG, LANKY, THOIHAN, HESOLUONG, MANV, IDCTY, CREATED_BY, CREATED_DATE) VALUES ('00032/2024/HDLD', TO_DATE('2023-05-24', 'YYYY-MM-DD'), NULL, TO_DATE('2023-05-24', 'YYYY-MM-DD'), N'Hop dong lao dong', 1, '3 Nam', 5500000, 23237, 1, 1, SYSDATE);
INSERT INTO HR.TB_NHANVIEN_PHUCAP (MANV, IDPC, MAKYCONG, GHICHU, SOTIEN, CREATED_BY, CREATED_DATE) VALUES (23237, 6, 202404, N'Import tu Excel', 350000, 1, SYSDATE);
INSERT INTO HR.TB_NHANVIEN_PHUCAP (MANV, IDPC, MAKYCONG, GHICHU, SOTIEN, CREATED_BY, CREATED_DATE) VALUES (23237, 3, 202404, N'Import tu Excel', 325000, 1, SYSDATE);
INSERT INTO HR.TB_NHANVIEN_PHUCAP (MANV, IDPC, MAKYCONG, GHICHU, SOTIEN, CREATED_BY, CREATED_DATE) VALUES (23237, 2, 202404, N'Import tu Excel', 300000, 1, SYSDATE);

--- Employee ID: 23241
INSERT INTO HR.TB_NHANVIEN (MANV, HOTEN, IDGT, NGAYSINH, DIENTHOAI, CCCD, DIACHI, IDPB, IDBP, IDCV, IDTD, IDDT, IDTG, IDCTY, IDQT, DATHOIVIEC, CREATED_BY, CREATED_DATE) VALUES (23241, N'Đinh Xuân Hùng', 2, TO_DATE('2003-01-03', 'YYYY-MM-DD'), N'0344023582', N'040203014413', N'Hạ Sơn, Quỳ Hợp, Nghệ An', 38, 38, 36, 30, 4, 1, 1, 191, 0, 1, SYSDATE);

--- Employee ID: 23242
INSERT INTO HR.TB_NHANVIEN (MANV, HOTEN, IDGT, NGAYSINH, DIENTHOAI, CCCD, DIACHI, IDPB, IDBP, IDCV, IDTD, IDDT, IDTG, IDCTY, IDQT, DATHOIVIEC, CREATED_BY, CREATED_DATE) VALUES (23242, N'Nguyễn Đức Sơn', 2, TO_DATE('1997-06-08', 'YYYY-MM-DD'), N'0343051174', N'001097038425', N'Số 42 Ngõ 199 Đường Đình Xuyên - Gia Lâm - Hà Nội', 31, 31, 36, 30, 1, 1, 1, 191, 0, 1, SYSDATE);

--- Employee ID: 23245
INSERT INTO HR.TB_NHANVIEN (MANV, HOTEN, IDGT, NGAYSINH, DIENTHOAI, CCCD, DIACHI, IDPB, IDBP, IDCV, IDTD, IDDT, IDTG, IDCTY, IDQT, DATHOIVIEC, CREATED_BY, CREATED_DATE) VALUES (23245, N'Bùi Văn Nhàn', 2, TO_DATE('1994-06-19', 'YYYY-MM-DD'), N'0394609567', N'038094002499', N'Nguyệt Ấn, Ngọc Lặc, Thanh Hóa', 27, 26, 36, 30, 2, 1, 1, 191, 0, 1, SYSDATE);

--- Employee ID: 24001
INSERT INTO HR.TB_NHANVIEN (MANV, HOTEN, IDGT, NGAYSINH, DIENTHOAI, CCCD, DIACHI, IDPB, IDBP, IDCV, IDTD, IDDT, IDTG, IDCTY, IDQT, DATHOIVIEC, CREATED_BY, CREATED_DATE) VALUES (24001, N'Nguyễn Văn Thiệu', 2, TO_DATE('1991-08-04', 'YYYY-MM-DD'), N'0931705898', N'034091018704', N'Xóm 06, Trung Châu Tây, An Cầu, Quỳnh Phụ, Thái Bình', 27, 26, 25, 30, 1, 1, 1, 191, 0, 1, SYSDATE);
INSERT INTO HR.TB_HOPDONG (SOHD, NGAYBATDAU, NGAYKETTHUC, NGAYKY, NOIDUNG, LANKY, THOIHAN, HESOLUONG, MANV, IDCTY, CREATED_BY, CREATED_DATE) VALUES ('00033/2024/HDLD', TO_DATE('2024-01-22', 'YYYY-MM-DD'), NULL, TO_DATE('2024-01-22', 'YYYY-MM-DD'), N'Hop dong lao dong', 1, '3 Nam', 8000000, 24001, 1, 1, SYSDATE);
INSERT INTO HR.TB_NHANVIEN_PHUCAP (MANV, IDPC, MAKYCONG, GHICHU, SOTIEN, CREATED_BY, CREATED_DATE) VALUES (24001, 6, 202404, N'Import tu Excel', 560000, 1, SYSDATE);
INSERT INTO HR.TB_NHANVIEN_PHUCAP (MANV, IDPC, MAKYCONG, GHICHU, SOTIEN, CREATED_BY, CREATED_DATE) VALUES (24001, 3, 202404, N'Import tu Excel', 560000, 1, SYSDATE);
INSERT INTO HR.TB_NHANVIEN_PHUCAP (MANV, IDPC, MAKYCONG, GHICHU, SOTIEN, CREATED_BY, CREATED_DATE) VALUES (24001, 2, 202404, N'Import tu Excel', 480000, 1, SYSDATE);
INSERT INTO HR.TB_NHANVIEN_PHUCAP (MANV, IDPC, MAKYCONG, GHICHU, SOTIEN, CREATED_BY, CREATED_DATE) VALUES (24001, 1, 202404, N'Import tu Excel', 800000, 1, SYSDATE);

--- Employee ID: 24002
INSERT INTO HR.TB_NHANVIEN (MANV, HOTEN, IDGT, NGAYSINH, DIENTHOAI, CCCD, DIACHI, IDPB, IDBP, IDCV, IDTD, IDDT, IDTG, IDCTY, IDQT, DATHOIVIEC, CREATED_BY, CREATED_DATE) VALUES (24002, N'Tạ Quốc Thắng', 2, TO_DATE('1985-07-24', 'YYYY-MM-DD'), N'0918240785', N'027085002930', N'Xóm Tự, Khu phố Dương Sơn, Phường Tam Sơn, Thành phố Từ Sơn, Tỉnh Bắc Ninh', 27, 26, 25, 30, 1, 1, 1, 191, 0, 1, SYSDATE);

--- Employee ID: 24003
INSERT INTO HR.TB_NHANVIEN (MANV, HOTEN, IDGT, NGAYSINH, DIENTHOAI, CCCD, DIACHI, IDPB, IDBP, IDCV, IDTD, IDDT, IDTG, IDCTY, IDQT, DATHOIVIEC, CREATED_BY, CREATED_DATE) VALUES (24003, N'Hoàng Ngọc Thường', 2, TO_DATE('1989-01-02', 'YYYY-MM-DD'), N'0865137743', N'015089006013', N'Thôn Tông Pình Cại, Xã Lâm Thượng, Huyện Lục Yên, Tỉnh Yên Bái', 38, 38, 36, 30, 4, 1, 1, 191, 0, 1, SYSDATE);

--- Employee ID: 24004
INSERT INTO HR.TB_NHANVIEN (MANV, HOTEN, IDGT, NGAYSINH, DIENTHOAI, CCCD, DIACHI, IDPB, IDBP, IDCV, IDTD, IDDT, IDTG, IDCTY, IDQT, DATHOIVIEC, CREATED_BY, CREATED_DATE) VALUES (24004, N'Nông Văn Hiếm', 2, TO_DATE('2000-02-16', 'YYYY-MM-DD'), NULL, NULL, NULL, 38, 38, 36, 30, 4, 1, 1, 191, 0, 1, SYSDATE);

--- Employee ID: 24005
INSERT INTO HR.TB_NHANVIEN (MANV, HOTEN, IDGT, NGAYSINH, DIENTHOAI, CCCD, DIACHI, IDPB, IDBP, IDCV, IDTD, IDDT, IDTG, IDCTY, IDQT, DATHOIVIEC, CREATED_BY, CREATED_DATE) VALUES (24005, N'Nguyễn Thị Lan', 2, TO_DATE('1993-02-27', 'YYYY-MM-DD'), N'0986727877', N'027193007103', N'Xóm Lớn, Tam Tảo, Xã Phú Lâm, Huyện Tiên Du, Tỉnh Bắc Ninh', 1, 4, 25, 22, 1, 1, 1, 191, 0, 1, SYSDATE);

--- Employee ID: 24006
INSERT INTO HR.TB_NHANVIEN (MANV, HOTEN, IDGT, NGAYSINH, DIENTHOAI, CCCD, DIACHI, IDPB, IDBP, IDCV, IDTD, IDDT, IDTG, IDCTY, IDQT, DATHOIVIEC, CREATED_BY, CREATED_DATE) VALUES (24006, N'Lò Văn Chung', 2, TO_DATE('2000-07-12', 'YYYY-MM-DD'), N'0373286481', N'038200018618', N'Thôn Chiềng, Xã Xuân Lộc, Huyện Thường Xuân, Tỉnh Thanh Hoá', 38, 38, 36, 30, 4, 1, 1, 191, 0, 1, SYSDATE);
INSERT INTO HR.TB_HOPDONG (SOHD, NGAYBATDAU, NGAYKETTHUC, NGAYKY, NOIDUNG, LANKY, THOIHAN, HESOLUONG, MANV, IDCTY, CREATED_BY, CREATED_DATE) VALUES ('00034/2024/HDLD', TO_DATE('2024-03-11', 'YYYY-MM-DD'), NULL, TO_DATE('2024-03-11', 'YYYY-MM-DD'), N'Hop dong lao dong', 1, '3 Nam', 5500000, 24006, 1, 1, SYSDATE);
INSERT INTO HR.TB_NHANVIEN_PHUCAP (MANV, IDPC, MAKYCONG, GHICHU, SOTIEN, CREATED_BY, CREATED_DATE) VALUES (24006, 6, 202404, N'Import tu Excel', 350000, 1, SYSDATE);
INSERT INTO HR.TB_NHANVIEN_PHUCAP (MANV, IDPC, MAKYCONG, GHICHU, SOTIEN, CREATED_BY, CREATED_DATE) VALUES (24006, 3, 202404, N'Import tu Excel', 325000, 1, SYSDATE);
INSERT INTO HR.TB_NHANVIEN_PHUCAP (MANV, IDPC, MAKYCONG, GHICHU, SOTIEN, CREATED_BY, CREATED_DATE) VALUES (24006, 2, 202404, N'Import tu Excel', 300000, 1, SYSDATE);

--- Employee ID: 24007
INSERT INTO HR.TB_NHANVIEN (MANV, HOTEN, IDGT, NGAYSINH, DIENTHOAI, CCCD, DIACHI, IDPB, IDBP, IDCV, IDTD, IDDT, IDTG, IDCTY, IDQT, DATHOIVIEC, CREATED_BY, CREATED_DATE) VALUES (24007, N'Triệu Văn Dắc', 2, TO_DATE('1992-01-05', 'YYYY-MM-DD'), N'0983054662', N'015092005127', N'Thôn Co, Xã Khánh Thiện, Huyện Lục Yên, Tỉnh Yên Bái', 38, 38, 36, 30, 4, 1, 1, 191, 0, 1, SYSDATE);
INSERT INTO HR.TB_HOPDONG (SOHD, NGAYBATDAU, NGAYKETTHUC, NGAYKY, NOIDUNG, LANKY, THOIHAN, HESOLUONG, MANV, IDCTY, CREATED_BY, CREATED_DATE) VALUES ('00035/2024/HDLD', TO_DATE('2024-03-15', 'YYYY-MM-DD'), NULL, TO_DATE('2024-03-15', 'YYYY-MM-DD'), N'Hop dong lao dong', 1, '3 Nam', 5500000, 24007, 1, 1, SYSDATE);
INSERT INTO HR.TB_NHANVIEN_PHUCAP (MANV, IDPC, MAKYCONG, GHICHU, SOTIEN, CREATED_BY, CREATED_DATE) VALUES (24007, 6, 202404, N'Import tu Excel', 350000, 1, SYSDATE);
INSERT INTO HR.TB_NHANVIEN_PHUCAP (MANV, IDPC, MAKYCONG, GHICHU, SOTIEN, CREATED_BY, CREATED_DATE) VALUES (24007, 3, 202404, N'Import tu Excel', 325000, 1, SYSDATE);
INSERT INTO HR.TB_NHANVIEN_PHUCAP (MANV, IDPC, MAKYCONG, GHICHU, SOTIEN, CREATED_BY, CREATED_DATE) VALUES (24007, 2, 202404, N'Import tu Excel', 300000, 1, SYSDATE);

--- Employee ID: 24008
INSERT INTO HR.TB_NHANVIEN (MANV, HOTEN, IDGT, NGAYSINH, DIENTHOAI, CCCD, DIACHI, IDPB, IDBP, IDCV, IDTD, IDDT, IDTG, IDCTY, IDQT, DATHOIVIEC, CREATED_BY, CREATED_DATE) VALUES (24008, N'Bùi Văn Sơn', 2, TO_DATE('1987-04-20', 'YYYY-MM-DD'), N'0333387887', N'038087031825', N'Thôn Thọ Liên, Xã Kiên Thọ, Huyện Ngọc Lặc, Tỉnh Thanh Hoá', 27, 26, 36, 30, 2, 1, 1, 191, 0, 1, SYSDATE);
INSERT INTO HR.TB_HOPDONG (SOHD, NGAYBATDAU, NGAYKETTHUC, NGAYKY, NOIDUNG, LANKY, THOIHAN, HESOLUONG, MANV, IDCTY, CREATED_BY, CREATED_DATE) VALUES ('00036/2024/HDLD', TO_DATE('2024-03-15', 'YYYY-MM-DD'), NULL, TO_DATE('2024-03-15', 'YYYY-MM-DD'), N'Hop dong lao dong', 1, '3 Nam', 5500000, 24008, 1, 1, SYSDATE);
INSERT INTO HR.TB_NHANVIEN_PHUCAP (MANV, IDPC, MAKYCONG, GHICHU, SOTIEN, CREATED_BY, CREATED_DATE) VALUES (24008, 6, 202404, N'Import tu Excel', 350000, 1, SYSDATE);
INSERT INTO HR.TB_NHANVIEN_PHUCAP (MANV, IDPC, MAKYCONG, GHICHU, SOTIEN, CREATED_BY, CREATED_DATE) VALUES (24008, 3, 202404, N'Import tu Excel', 325000, 1, SYSDATE);
INSERT INTO HR.TB_NHANVIEN_PHUCAP (MANV, IDPC, MAKYCONG, GHICHU, SOTIEN, CREATED_BY, CREATED_DATE) VALUES (24008, 2, 202404, N'Import tu Excel', 300000, 1, SYSDATE);

--- Employee ID: 24009
INSERT INTO HR.TB_NHANVIEN (MANV, HOTEN, IDGT, NGAYSINH, DIENTHOAI, CCCD, DIACHI, IDPB, IDBP, IDCV, IDTD, IDDT, IDTG, IDCTY, IDQT, DATHOIVIEC, CREATED_BY, CREATED_DATE) VALUES (24009, N'Nguyễn Đức Dương', 2, TO_DATE('1996-11-29', 'YYYY-MM-DD'), N'0866550019', N'027096001711', N'Khu Ninh Xá 3, Ninh Xá, Thành phố Bắc Ninh, Tỉnh Bắc Ninh', 38, 38, 36, 30, 1, 1, 1, 191, 0, 1, SYSDATE);
INSERT INTO HR.TB_HOPDONG (SOHD, NGAYBATDAU, NGAYKETTHUC, NGAYKY, NOIDUNG, LANKY, THOIHAN, HESOLUONG, MANV, IDCTY, CREATED_BY, CREATED_DATE) VALUES ('00037/2024/HDLD', TO_DATE('2024-03-18', 'YYYY-MM-DD'), NULL, TO_DATE('2024-03-18', 'YYYY-MM-DD'), N'Hop dong lao dong', 1, '3 Nam', 10000000, 24009, 1, 1, SYSDATE);
INSERT INTO HR.TB_NHANVIEN_PHUCAP (MANV, IDPC, MAKYCONG, GHICHU, SOTIEN, CREATED_BY, CREATED_DATE) VALUES (24009, 6, 202404, N'Import tu Excel', 1000000, 1, SYSDATE);
INSERT INTO HR.TB_NHANVIEN_PHUCAP (MANV, IDPC, MAKYCONG, GHICHU, SOTIEN, CREATED_BY, CREATED_DATE) VALUES (24009, 3, 202404, N'Import tu Excel', 1400000, 1, SYSDATE);
INSERT INTO HR.TB_NHANVIEN_PHUCAP (MANV, IDPC, MAKYCONG, GHICHU, SOTIEN, CREATED_BY, CREATED_DATE) VALUES (24009, 2, 202404, N'Import tu Excel', 600000, 1, SYSDATE);
INSERT INTO HR.TB_NHANVIEN_PHUCAP (MANV, IDPC, MAKYCONG, GHICHU, SOTIEN, CREATED_BY, CREATED_DATE) VALUES (24009, 1, 202404, N'Import tu Excel', 1000000, 1, SYSDATE);

--- Employee ID: 24010
INSERT INTO HR.TB_NHANVIEN (MANV, HOTEN, IDGT, NGAYSINH, DIENTHOAI, CCCD, DIACHI, IDPB, IDBP, IDCV, IDTD, IDDT, IDTG, IDCTY, IDQT, DATHOIVIEC, CREATED_BY, CREATED_DATE) VALUES (24010, N'Hoàng Mạnh Hùng', 2, TO_DATE('1990-02-18', 'YYYY-MM-DD'), N'0977619482', N'015090008648', N'Thôn Khéo Lẹng, Xã Lâm Thượng, Huyện Lục Yên, Tỉnh Yên Bái', 38, 38, 36, 30, 4, 1, 1, 191, 0, 1, SYSDATE);

--- Employee ID: 24011
INSERT INTO HR.TB_NHANVIEN (MANV, HOTEN, IDGT, NGAYSINH, DIENTHOAI, CCCD, DIACHI, IDPB, IDBP, IDCV, IDTD, IDDT, IDTG, IDCTY, IDQT, DATHOIVIEC, CREATED_BY, CREATED_DATE) VALUES (24011, N'Hoàng Văn Tuynh', 2, TO_DATE('1993-08-15', 'YYYY-MM-DD'), N'0356111711', N'015093011275', N'Thôn Khéo Lẹng, Xã Lâm Thượng, Huyện Lục Yên, Tỉnh Yên Bái', 38, 38, 36, 30, 4, 1, 1, 191, 0, 1, SYSDATE);

--- Employee ID: 24012
INSERT INTO HR.TB_NHANVIEN (MANV, HOTEN, IDGT, NGAYSINH, DIENTHOAI, CCCD, DIACHI, IDPB, IDBP, IDCV, IDTD, IDDT, IDTG, IDCTY, IDQT, DATHOIVIEC, CREATED_BY, CREATED_DATE) VALUES (24012, N'Nguyễn Thạc Đạt', 2, TO_DATE('1997-03-13', 'YYYY-MM-DD'), N'0346836684', N'027097000445', N'Khu phố Trung Hoà, Phường Đình Bảng, Thành Phố Từ sơn, Tỉnh Bắc Ninh', 31, 31, 36, 22, 1, 1, 1, 191, 0, 1, SYSDATE);
INSERT INTO HR.TB_HOPDONG (SOHD, NGAYBATDAU, NGAYKETTHUC, NGAYKY, NOIDUNG, LANKY, THOIHAN, HESOLUONG, MANV, IDCTY, CREATED_BY, CREATED_DATE) VALUES ('00038/2024/HDLD', TO_DATE('2024-03-29', 'YYYY-MM-DD'), NULL, TO_DATE('2024-03-29', 'YYYY-MM-DD'), N'Hop dong lao dong', 1, '3 Nam', 8000000, 24012, 1, 1, SYSDATE);
INSERT INTO HR.TB_NHANVIEN_PHUCAP (MANV, IDPC, MAKYCONG, GHICHU, SOTIEN, CREATED_BY, CREATED_DATE) VALUES (24012, 6, 202404, N'Import tu Excel', 800000, 1, SYSDATE);
INSERT INTO HR.TB_NHANVIEN_PHUCAP (MANV, IDPC, MAKYCONG, GHICHU, SOTIEN, CREATED_BY, CREATED_DATE) VALUES (24012, 3, 202404, N'Import tu Excel', 1120000, 1, SYSDATE);
INSERT INTO HR.TB_NHANVIEN_PHUCAP (MANV, IDPC, MAKYCONG, GHICHU, SOTIEN, CREATED_BY, CREATED_DATE) VALUES (24012, 2, 202404, N'Import tu Excel', 480000, 1, SYSDATE);
INSERT INTO HR.TB_NHANVIEN_PHUCAP (MANV, IDPC, MAKYCONG, GHICHU, SOTIEN, CREATED_BY, CREATED_DATE) VALUES (24012, 1, 202404, N'Import tu Excel', 800000, 1, SYSDATE);

--- Employee ID: 24013
INSERT INTO HR.TB_NHANVIEN (MANV, HOTEN, IDGT, NGAYSINH, DIENTHOAI, CCCD, DIACHI, IDPB, IDBP, IDCV, IDTD, IDDT, IDTG, IDCTY, IDQT, DATHOIVIEC, CREATED_BY, CREATED_DATE) VALUES (24013, N'Lương Tiến Đông', 2, TO_DATE('1989-06-19', 'YYYY-MM-DD'), N'0961698666', N'027089002470', N'Khu phố Trang Liệt, Phường Trang Hạ, Thành phố Từ Sơn, Tỉnh Bắc Ninh', 27, 26, 25, 22, 1, 1, 1, 191, 0, 1, SYSDATE);
INSERT INTO HR.TB_HOPDONG (SOHD, NGAYBATDAU, NGAYKETTHUC, NGAYKY, NOIDUNG, LANKY, THOIHAN, HESOLUONG, MANV, IDCTY, CREATED_BY, CREATED_DATE) VALUES ('00039/2024/HDLD', TO_DATE('2024-03-27', 'YYYY-MM-DD'), NULL, TO_DATE('2024-03-27', 'YYYY-MM-DD'), N'Hop dong lao dong', 1, '3 Nam', 8000000, 24013, 1, 1, SYSDATE);
INSERT INTO HR.TB_NHANVIEN_PHUCAP (MANV, IDPC, MAKYCONG, GHICHU, SOTIEN, CREATED_BY, CREATED_DATE) VALUES (24013, 6, 202404, N'Import tu Excel', 560000, 1, SYSDATE);
INSERT INTO HR.TB_NHANVIEN_PHUCAP (MANV, IDPC, MAKYCONG, GHICHU, SOTIEN, CREATED_BY, CREATED_DATE) VALUES (24013, 3, 202404, N'Import tu Excel', 560000, 1, SYSDATE);
INSERT INTO HR.TB_NHANVIEN_PHUCAP (MANV, IDPC, MAKYCONG, GHICHU, SOTIEN, CREATED_BY, CREATED_DATE) VALUES (24013, 2, 202404, N'Import tu Excel', 480000, 1, SYSDATE);
INSERT INTO HR.TB_NHANVIEN_PHUCAP (MANV, IDPC, MAKYCONG, GHICHU, SOTIEN, CREATED_BY, CREATED_DATE) VALUES (24013, 1, 202404, N'Import tu Excel', 800000, 1, SYSDATE);

--- Employee ID: 24014
INSERT INTO HR.TB_NHANVIEN (MANV, HOTEN, IDGT, NGAYSINH, DIENTHOAI, CCCD, DIACHI, IDPB, IDBP, IDCV, IDTD, IDDT, IDTG, IDCTY, IDQT, DATHOIVIEC, CREATED_BY, CREATED_DATE) VALUES (24014, N'Ngô Đức Được', 2, TO_DATE('2002-12-16', 'YYYY-MM-DD'), N'0968486995', N'027202008513', N'Khu phố Phúc Tinh, Phường Tam Sơn, Thành phố Từ Sơn, Tỉnh Bắc Ninh', 38, 38, 36, 22, 1, 1, 1, 191, 0, 1, SYSDATE);
INSERT INTO HR.TB_HOPDONG (SOHD, NGAYBATDAU, NGAYKETTHUC, NGAYKY, NOIDUNG, LANKY, THOIHAN, HESOLUONG, MANV, IDCTY, CREATED_BY, CREATED_DATE) VALUES ('00040/2024/HDLD', TO_DATE('2024-04-01', 'YYYY-MM-DD'), NULL, TO_DATE('2024-04-01', 'YYYY-MM-DD'), N'Hop dong lao dong', 1, '3 Nam', 5500000, 24014, 1, 1, SYSDATE);
INSERT INTO HR.TB_NHANVIEN_PHUCAP (MANV, IDPC, MAKYCONG, GHICHU, SOTIEN, CREATED_BY, CREATED_DATE) VALUES (24014, 6, 202404, N'Import tu Excel', 350000, 1, SYSDATE);
INSERT INTO HR.TB_NHANVIEN_PHUCAP (MANV, IDPC, MAKYCONG, GHICHU, SOTIEN, CREATED_BY, CREATED_DATE) VALUES (24014, 3, 202404, N'Import tu Excel', 325000, 1, SYSDATE);
INSERT INTO HR.TB_NHANVIEN_PHUCAP (MANV, IDPC, MAKYCONG, GHICHU, SOTIEN, CREATED_BY, CREATED_DATE) VALUES (24014, 2, 202404, N'Import tu Excel', 300000, 1, SYSDATE);

--- Employee ID: 24016
INSERT INTO HR.TB_NHANVIEN (MANV, HOTEN, IDGT, NGAYSINH, DIENTHOAI, CCCD, DIACHI, IDPB, IDBP, IDCV, IDTD, IDDT, IDTG, IDCTY, IDQT, DATHOIVIEC, CREATED_BY, CREATED_DATE) VALUES (24016, N'Hoàng Văn Quyết', 2, TO_DATE('1999-12-02', 'YYYY-MM-DD'), N'0368919355', N'020099003573', N'Thôn Lũng Mần, Xã Gia Lộc, Huyện Chi Lăng, Tỉnh Lạng Sơn', 38, 38, 36, 30, 1, 1, 1, 191, 0, 1, SYSDATE);
INSERT INTO HR.TB_HOPDONG (SOHD, NGAYBATDAU, NGAYKETTHUC, NGAYKY, NOIDUNG, LANKY, THOIHAN, HESOLUONG, MANV, IDCTY, CREATED_BY, CREATED_DATE) VALUES ('00041/2024/HDLD', TO_DATE('2024-04-06', 'YYYY-MM-DD'), NULL, TO_DATE('2024-04-06', 'YYYY-MM-DD'), N'Hop dong lao dong', 1, '3 Nam', 5500000, 24016, 1, 1, SYSDATE);
INSERT INTO HR.TB_NHANVIEN_PHUCAP (MANV, IDPC, MAKYCONG, GHICHU, SOTIEN, CREATED_BY, CREATED_DATE) VALUES (24016, 6, 202404, N'Import tu Excel', 350000, 1, SYSDATE);
INSERT INTO HR.TB_NHANVIEN_PHUCAP (MANV, IDPC, MAKYCONG, GHICHU, SOTIEN, CREATED_BY, CREATED_DATE) VALUES (24016, 3, 202404, N'Import tu Excel', 325000, 1, SYSDATE);
INSERT INTO HR.TB_NHANVIEN_PHUCAP (MANV, IDPC, MAKYCONG, GHICHU, SOTIEN, CREATED_BY, CREATED_DATE) VALUES (24016, 2, 202404, N'Import tu Excel', 300000, 1, SYSDATE);

--- Employee ID: 24017
INSERT INTO HR.TB_NHANVIEN (MANV, HOTEN, IDGT, NGAYSINH, DIENTHOAI, CCCD, DIACHI, IDPB, IDBP, IDCV, IDTD, IDDT, IDTG, IDCTY, IDQT, DATHOIVIEC, CREATED_BY, CREATED_DATE) VALUES (24017, N'Lý Quốc Chung', 2, TO_DATE('2002-02-03', 'YYYY-MM-DD'), N'0357409084', N'020202000192', N'Thôn Lũng Mắt, Xã Gia Lộc, Huyện Chi Lăng, Tỉnh Lạng Sơn', 38, 38, 36, 30, 1, 1, 1, 191, 0, 1, SYSDATE);
INSERT INTO HR.TB_HOPDONG (SOHD, NGAYBATDAU, NGAYKETTHUC, NGAYKY, NOIDUNG, LANKY, THOIHAN, HESOLUONG, MANV, IDCTY, CREATED_BY, CREATED_DATE) VALUES ('00042/2024/HDLD', TO_DATE('2024-04-06', 'YYYY-MM-DD'), NULL, TO_DATE('2024-04-06', 'YYYY-MM-DD'), N'Hop dong lao dong', 1, '3 Nam', 5500000, 24017, 1, 1, SYSDATE);
INSERT INTO HR.TB_NHANVIEN_PHUCAP (MANV, IDPC, MAKYCONG, GHICHU, SOTIEN, CREATED_BY, CREATED_DATE) VALUES (24017, 6, 202404, N'Import tu Excel', 350000, 1, SYSDATE);
INSERT INTO HR.TB_NHANVIEN_PHUCAP (MANV, IDPC, MAKYCONG, GHICHU, SOTIEN, CREATED_BY, CREATED_DATE) VALUES (24017, 3, 202404, N'Import tu Excel', 325000, 1, SYSDATE);
INSERT INTO HR.TB_NHANVIEN_PHUCAP (MANV, IDPC, MAKYCONG, GHICHU, SOTIEN, CREATED_BY, CREATED_DATE) VALUES (24017, 2, 202404, N'Import tu Excel', 300000, 1, SYSDATE);

--- Employee ID: 24018
INSERT INTO HR.TB_NHANVIEN (MANV, HOTEN, IDGT, NGAYSINH, DIENTHOAI, CCCD, DIACHI, IDPB, IDBP, IDCV, IDTD, IDDT, IDTG, IDCTY, IDQT, DATHOIVIEC, CREATED_BY, CREATED_DATE) VALUES (24018, N'Bế Văn Hùng', 2, TO_DATE('1996-02-03', 'YYYY-MM-DD'), N'0378930890', N'004096006961', N'Xóm Pác Rao, Xã Đức Hồng, Huyện Trùng Khánh, Tỉnh Cao Bằng', 27, 26, 36, 30, 4, 1, 1, 191, 0, 1, SYSDATE);
INSERT INTO HR.TB_HOPDONG (SOHD, NGAYBATDAU, NGAYKETTHUC, NGAYKY, NOIDUNG, LANKY, THOIHAN, HESOLUONG, MANV, IDCTY, CREATED_BY, CREATED_DATE) VALUES ('00043/2024/HDLD', TO_DATE('2024-04-06', 'YYYY-MM-DD'), NULL, TO_DATE('2024-04-06', 'YYYY-MM-DD'), N'Hop dong lao dong', 1, '3 Nam', 5500000, 24018, 1, 1, SYSDATE);
INSERT INTO HR.TB_NHANVIEN_PHUCAP (MANV, IDPC, MAKYCONG, GHICHU, SOTIEN, CREATED_BY, CREATED_DATE) VALUES (24018, 6, 202404, N'Import tu Excel', 350000, 1, SYSDATE);
INSERT INTO HR.TB_NHANVIEN_PHUCAP (MANV, IDPC, MAKYCONG, GHICHU, SOTIEN, CREATED_BY, CREATED_DATE) VALUES (24018, 3, 202404, N'Import tu Excel', 325000, 1, SYSDATE);
INSERT INTO HR.TB_NHANVIEN_PHUCAP (MANV, IDPC, MAKYCONG, GHICHU, SOTIEN, CREATED_BY, CREATED_DATE) VALUES (24018, 2, 202404, N'Import tu Excel', 300000, 1, SYSDATE);

--- Employee ID: 24020
INSERT INTO HR.TB_NHANVIEN (MANV, HOTEN, IDGT, NGAYSINH, DIENTHOAI, CCCD, DIACHI, IDPB, IDBP, IDCV, IDTD, IDDT, IDTG, IDCTY, IDQT, DATHOIVIEC, CREATED_BY, CREATED_DATE) VALUES (24020, N'Tưởng Ngọc Hoàng', 2, TO_DATE('1997-03-02', 'YYYY-MM-DD'), N'0338844447', N'011097005706', N'Tổ dân phố Thành Công, Thị trấn Tủa Chùa, Huyện Tủa Chùa, Tỉnh Điện Biên', 38, 38, 36, 30, 1, 1, 1, 191, 0, 1, SYSDATE);
INSERT INTO HR.TB_HOPDONG (SOHD, NGAYBATDAU, NGAYKETTHUC, NGAYKY, NOIDUNG, LANKY, THOIHAN, HESOLUONG, MANV, IDCTY, CREATED_BY, CREATED_DATE) VALUES ('00044/2024/HDLD', TO_DATE('2024-04-08', 'YYYY-MM-DD'), NULL, TO_DATE('2024-04-08', 'YYYY-MM-DD'), N'Hop dong lao dong', 1, '3 Nam', 5500000, 24020, 1, 1, SYSDATE);
INSERT INTO HR.TB_NHANVIEN_PHUCAP (MANV, IDPC, MAKYCONG, GHICHU, SOTIEN, CREATED_BY, CREATED_DATE) VALUES (24020, 6, 202404, N'Import tu Excel', 350000, 1, SYSDATE);
INSERT INTO HR.TB_NHANVIEN_PHUCAP (MANV, IDPC, MAKYCONG, GHICHU, SOTIEN, CREATED_BY, CREATED_DATE) VALUES (24020, 3, 202404, N'Import tu Excel', 325000, 1, SYSDATE);
INSERT INTO HR.TB_NHANVIEN_PHUCAP (MANV, IDPC, MAKYCONG, GHICHU, SOTIEN, CREATED_BY, CREATED_DATE) VALUES (24020, 2, 202404, N'Import tu Excel', 300000, 1, SYSDATE);

--- Employee ID: 24021
INSERT INTO HR.TB_NHANVIEN (MANV, HOTEN, IDGT, NGAYSINH, DIENTHOAI, CCCD, DIACHI, IDPB, IDBP, IDCV, IDTD, IDDT, IDTG, IDCTY, IDQT, DATHOIVIEC, CREATED_BY, CREATED_DATE) VALUES (24021, N'Lê Minh Chiến', 2, TO_DATE('1996-11-10', 'YYYY-MM-DD'), N'0362992496', N'038096017770', N'Thôn Đóng, Xã Vân Am, Huyện Ngọc Lặc, Tỉnh Thanh Hoá', 27, 26, 36, 30, 2, 1, 1, 191, 0, 1, SYSDATE);
INSERT INTO HR.TB_HOPDONG (SOHD, NGAYBATDAU, NGAYKETTHUC, NGAYKY, NOIDUNG, LANKY, THOIHAN, HESOLUONG, MANV, IDCTY, CREATED_BY, CREATED_DATE) VALUES ('00045/2024/HDLD', TO_DATE('2024-04-08', 'YYYY-MM-DD'), NULL, TO_DATE('2024-04-08', 'YYYY-MM-DD'), N'Hop dong lao dong', 1, '3 Nam', 5500000, 24021, 1, 1, SYSDATE);
INSERT INTO HR.TB_NHANVIEN_PHUCAP (MANV, IDPC, MAKYCONG, GHICHU, SOTIEN, CREATED_BY, CREATED_DATE) VALUES (24021, 6, 202404, N'Import tu Excel', 350000, 1, SYSDATE);
INSERT INTO HR.TB_NHANVIEN_PHUCAP (MANV, IDPC, MAKYCONG, GHICHU, SOTIEN, CREATED_BY, CREATED_DATE) VALUES (24021, 3, 202404, N'Import tu Excel', 325000, 1, SYSDATE);
INSERT INTO HR.TB_NHANVIEN_PHUCAP (MANV, IDPC, MAKYCONG, GHICHU, SOTIEN, CREATED_BY, CREATED_DATE) VALUES (24021, 2, 202404, N'Import tu Excel', 300000, 1, SYSDATE);

--- Employee ID: 24023
INSERT INTO HR.TB_NHANVIEN (MANV, HOTEN, IDGT, NGAYSINH, DIENTHOAI, CCCD, DIACHI, IDPB, IDBP, IDCV, IDTD, IDDT, IDTG, IDCTY, IDQT, DATHOIVIEC, CREATED_BY, CREATED_DATE) VALUES (24023, N'Phạm Văn Huy', 2, TO_DATE('1988-08-30', 'YYYY-MM-DD'), N'0983528612', N'038088036151', N'Thôn Nam Bình, Xã Hoằng Cát, Huyện Hoằng Hoá, Tỉnh Thanh Hoá', 27, 26, 25, 30, 1, 1, 1, 191, 0, 1, SYSDATE);

--- Employee ID: 24024
INSERT INTO HR.TB_NHANVIEN (MANV, HOTEN, IDGT, NGAYSINH, DIENTHOAI, CCCD, DIACHI, IDPB, IDBP, IDCV, IDTD, IDDT, IDTG, IDCTY, IDQT, DATHOIVIEC, CREATED_BY, CREATED_DATE) VALUES (24024, N'Lã Văn Khanh', 2, TO_DATE('1993-03-03', 'YYYY-MM-DD'), N'0365815120', N'020093005488', N'Thôn Đồng Bưa, Xã Yên Bình, Huyện Hữu Lũng, Tỉnh Lạng Sơn', 27, 26, 36, 30, 1, 1, 1, 191, 0, 1, SYSDATE);

--- Employee ID: 24025
INSERT INTO HR.TB_NHANVIEN (MANV, HOTEN, IDGT, NGAYSINH, DIENTHOAI, CCCD, DIACHI, IDPB, IDBP, IDCV, IDTD, IDDT, IDTG, IDCTY, IDQT, DATHOIVIEC, CREATED_BY, CREATED_DATE) VALUES (24025, N'Nguyễn Chiến Thắng', 2, TO_DATE('1995-10-20', 'YYYY-MM-DD'), N'0978468705', N'019095009810', N'Tổ 2, Phan Đình Phùng, Thái Nguyên, Tỉnh Thái Nguyên', 31, 31, 36, 30, 1, 1, 1, 191, 0, 1, SYSDATE);

--- Employee ID: 24026
INSERT INTO HR.TB_NHANVIEN (MANV, HOTEN, IDGT, NGAYSINH, DIENTHOAI, CCCD, DIACHI, IDPB, IDBP, IDCV, IDTD, IDDT, IDTG, IDCTY, IDQT, DATHOIVIEC, CREATED_BY, CREATED_DATE) VALUES (24026, N'Lô Văn Mằn', 2, TO_DATE('1992-12-28', 'YYYY-MM-DD'), N'0372460184', N'040092024669', N'Bản Kẻ Gia, Xã Thạch Ngàn, Huyện Con Cuông, Tỉnh Nghệ An', 27, 26, 36, 30, 4, 1, 1, 191, 0, 1, SYSDATE);

--- Employee ID: 24250
INSERT INTO HR.TB_NHANVIEN (MANV, HOTEN, IDGT, NGAYSINH, DIENTHOAI, CCCD, DIACHI, IDPB, IDBP, IDCV, IDTD, IDDT, IDTG, IDCTY, IDQT, DATHOIVIEC, CREATED_BY, CREATED_DATE) VALUES (24250, N'Nguyễn Thị Thu Hiền', 2, TO_DATE('1992-05-30', 'YYYY-MM-DD'), N'0986192592', N'027192002450', N'Khu phố Trang Liệt, Phường Trang Hạ, Thành phố Từ Sơn, Tỉnh Bắc Ninh', 1, 4, 25, 22, 1, 1, 1, 191, 0, 1, SYSDATE);
INSERT INTO HR.TB_HOPDONG (SOHD, NGAYBATDAU, NGAYKETTHUC, NGAYKY, NOIDUNG, LANKY, THOIHAN, HESOLUONG, MANV, IDCTY, CREATED_BY, CREATED_DATE) VALUES ('00046/2024/HDLD', TO_DATE('2024-01-24', 'YYYY-MM-DD'), NULL, TO_DATE('2024-01-24', 'YYYY-MM-DD'), N'Hop dong lao dong', 1, '3 Nam', 12000000, 24250, 1, 1, SYSDATE);
INSERT INTO HR.TB_NHANVIEN_PHUCAP (MANV, IDPC, MAKYCONG, GHICHU, SOTIEN, CREATED_BY, CREATED_DATE) VALUES (24250, 6, 202404, N'Import tu Excel', 1200000, 1, SYSDATE);
INSERT INTO HR.TB_NHANVIEN_PHUCAP (MANV, IDPC, MAKYCONG, GHICHU, SOTIEN, CREATED_BY, CREATED_DATE) VALUES (24250, 3, 202404, N'Import tu Excel', 1680000, 1, SYSDATE);
INSERT INTO HR.TB_NHANVIEN_PHUCAP (MANV, IDPC, MAKYCONG, GHICHU, SOTIEN, CREATED_BY, CREATED_DATE) VALUES (24250, 2, 202404, N'Import tu Excel', 720000, 1, SYSDATE);
INSERT INTO HR.TB_NHANVIEN_PHUCAP (MANV, IDPC, MAKYCONG, GHICHU, SOTIEN, CREATED_BY, CREATED_DATE) VALUES (24250, 1, 202404, N'Import tu Excel', 1200000, 1, SYSDATE);

COMMIT;
